ปี,เดือน,พิกัด8,รหัสสถิติ,หน่วย,คำอธิบาย,ประเทศ,ปริมาณ,มูลค่าบาท,ทิศทาง
2565,1,88062200,000,C62,มีน้ำหนักวิ่งขึ้นสูงสุดมากกว่า 250 กรัม แต่ไม่มากกว่า 7 กิโลกรัม,CN,3,145219,import
2565,1,88062900,000,C62,อื่น ๆ,CZ,2,26763,import
2565,1,88069100,000,C62,มีน้ำหนักวิ่งขึ้นสูงสุดไม่มากกว่า 250 กรัม,CN,24,184094,import
2565,1,88069300,000,C62,มีน้ำหนักวิ่งขึ้นสูงสุดมากกว่า 7 กิโลกรัม แต่ไม่มากกว่า 25 กิโลกรัม,CN,5,562983,import
2565,1,88069400,000,C62,มีน้ำหนักวิ่งขึ้นสูงสุดมากกว่า 25 กิโลกรัม แต่ไม่มากกว่า 150 กิโลกรัม,CN,25,12806351,import
2565,2,88062100,000,C62,มีน้ำหนักวิ่งขึ้นสูงสุดไม่มากกว่า 250 กรัม,CN,169,2485592,import
2565,2,88062200,000,C62,มีน้ำหนักวิ่งขึ้นสูงสุดมากกว่า 250 กรัม แต่ไม่มากกว่า 7 กิโลกรัม,DE,7,871990,import
2565,2,88062200,000,C62,มีน้ำหนักวิ่งขึ้นสูงสุดมากกว่า 250 กรัม แต่ไม่มากกว่า 7 กิโลกรัม,CN,103,5680029,import
2565,2,88062400,000,C62,มีน้ำหนักวิ่งขึ้นสูงสุดมากกว่า 25 กิโลกรัม แต่ไม่มากกว่า 150 กิโลกรัม,CN,50,8104691,import
2565,2,88062900,000,C62,อื่น ๆ,US,1,1258,import
2565,2,88069400,000,C62,มีน้ำหนักวิ่งขึ้นสูงสุดมากกว่า 25 กิโลกรัม แต่ไม่มากกว่า 150 กิโลกรัม,CN,280,35574395,import
2565,2,88069900,000,C62,อื่น ๆ,US,17,4695003,import
2565,2,88069900,000,C62,อื่น ๆ,CH,1,361286,import
2565,2,88069900,000,C62,อื่น ๆ,CN,11,1196971,import
2565,2,88069900,000,C62,อื่น ๆ,AU,1,18056,import
2565,3,88062100,000,C62,มีน้ำหนักวิ่งขึ้นสูงสุดไม่มากกว่า 250 กรัม,CN,681,8763183,import
2565,3,88062200,000,C62,มีน้ำหนักวิ่งขึ้นสูงสุดมากกว่า 250 กรัม แต่ไม่มากกว่า 7 กิโลกรัม,US,1,23285,import
2565,3,88062200,000,C62,มีน้ำหนักวิ่งขึ้นสูงสุดมากกว่า 250 กรัม แต่ไม่มากกว่า 7 กิโลกรัม,CN,215,9985759,import
2565,3,88062400,000,C62,มีน้ำหนักวิ่งขึ้นสูงสุดมากกว่า 25 กิโลกรัม แต่ไม่มากกว่า 150 กิโลกรัม,CN,36,4939331,import
2565,3,88062900,000,C62,อื่น ๆ,KR,10,706191,import
2565,3,88069300,000,C62,มีน้ำหนักวิ่งขึ้นสูงสุดมากกว่า 7 กิโลกรัม แต่ไม่มากกว่า 25 กิโลกรัม,CN,3,741243,import
2565,3,88069400,000,C62,มีน้ำหนักวิ่งขึ้นสูงสุดมากกว่า 25 กิโลกรัม แต่ไม่มากกว่า 150 กิโลกรัม,CN,74,5058254,import
2565,3,88069900,000,C62,อื่น ๆ,CN,30,932246,import
2565,3,88069900,000,C62,อื่น ๆ,JP,2,11962,import
2565,4,88062100,000,C62,มีน้ำหนักวิ่งขึ้นสูงสุดไม่มากกว่า 250 กรัม,CN,168,2052540,import
2565,4,88062200,000,C62,มีน้ำหนักวิ่งขึ้นสูงสุดมากกว่า 250 กรัม แต่ไม่มากกว่า 7 กิโลกรัม,CN,7,259083,import
2565,4,88062300,000,C62,มีน้ำหนักวิ่งขึ้นสูงสุดมากกว่า 7 กิโลกรัม แต่ไม่มากกว่า 25 กิโลกรัม,CN,1,129553,import
2565,4,88062900,000,C62,อื่น ๆ,KR,2,153157,import
2565,4,88062900,000,C62,อื่น ๆ,TW,1,50031,import
2565,4,88069300,000,C62,มีน้ำหนักวิ่งขึ้นสูงสุดมากกว่า 7 กิโลกรัม แต่ไม่มากกว่า 25 กิโลกรัม,CN,1,457830,import
2565,4,88069400,000,C62,มีน้ำหนักวิ่งขึ้นสูงสุดมากกว่า 25 กิโลกรัม แต่ไม่มากกว่า 150 กิโลกรัม,CN,31,1141521,import
2565,4,88069900,000,C62,อื่น ๆ,US,1,39975,import
2565,4,88069900,000,C62,อื่น ๆ,JP,2,35794,import
2565,4,88069900,000,C62,อื่น ๆ,CN,125,2154517,import
2565,5,88062100,000,C62,มีน้ำหนักวิ่งขึ้นสูงสุดไม่มากกว่า 250 กรัม,CN,1421,24040719,import
2565,5,88062200,000,C62,มีน้ำหนักวิ่งขึ้นสูงสุดมากกว่า 250 กรัม แต่ไม่มากกว่า 7 กิโลกรัม,CN,141,5625560,import
2565,5,88062300,000,C62,มีน้ำหนักวิ่งขึ้นสูงสุดมากกว่า 7 กิโลกรัม แต่ไม่มากกว่า 25 กิโลกรัม,CN,40,5271867,import
2565,5,88062400,000,C62,มีน้ำหนักวิ่งขึ้นสูงสุดมากกว่า 25 กิโลกรัม แต่ไม่มากกว่า 150 กิโลกรัม,CN,124,20349863,import
2565,5,88062900,000,C62,อื่น ๆ,AU,1,12142,import
2565,5,88069100,000,C62,มีน้ำหนักวิ่งขึ้นสูงสุดไม่มากกว่า 250 กรัม,CN,50,369196,import
2565,5,88069200,000,C62,มีน้ำหนักวิ่งขึ้นสูงสุดมากกว่า 250 กรัม แต่ไม่มากกว่า 7 กิโลกรัม,CN,2,25316,import
2565,5,88069400,000,C62,มีน้ำหนักวิ่งขึ้นสูงสุดมากกว่า 25 กิโลกรัม แต่ไม่มากกว่า 150 กิโลกรัม,CN,193,16689895,import
2565,5,88069900,000,C62,อื่น ๆ,CN,62,855040,import
2565,5,88069900,000,C62,อื่น ๆ,SG,2,17180,import
2565,6,88062100,000,C62,มีน้ำหนักวิ่งขึ้นสูงสุดไม่มากกว่า 250 กรัม,CN,576,6570096,import
2565,6,88062200,000,C62,มีน้ำหนักวิ่งขึ้นสูงสุดมากกว่า 250 กรัม แต่ไม่มากกว่า 7 กิโลกรัม,DE,2,599261,import
2565,6,88062200,000,C62,มีน้ำหนักวิ่งขึ้นสูงสุดมากกว่า 250 กรัม แต่ไม่มากกว่า 7 กิโลกรัม,CN,131,7725529,import
2565,6,88062200,000,C62,มีน้ำหนักวิ่งขึ้นสูงสุดมากกว่า 250 กรัม แต่ไม่มากกว่า 7 กิโลกรัม,US,1,3459,import
2565,6,88062300,000,C62,มีน้ำหนักวิ่งขึ้นสูงสุดมากกว่า 7 กิโลกรัม แต่ไม่มากกว่า 25 กิโลกรัม,CN,7,868370,import
2565,6,88062400,000,C62,มีน้ำหนักวิ่งขึ้นสูงสุดมากกว่า 25 กิโลกรัม แต่ไม่มากกว่า 150 กิโลกรัม,CN,154,22221181,import
2565,6,88069300,000,C62,มีน้ำหนักวิ่งขึ้นสูงสุดมากกว่า 7 กิโลกรัม แต่ไม่มากกว่า 25 กิโลกรัม,CN,1,863837,import
2565,6,88069400,000,C62,มีน้ำหนักวิ่งขึ้นสูงสุดมากกว่า 25 กิโลกรัม แต่ไม่มากกว่า 150 กิโลกรัม,CN,133,8893437,import
2565,6,88069900,000,C62,อื่น ๆ,CN,253,2162887,import
2565,6,88069900,000,C62,อื่น ๆ,US,2,712551,import
2565,7,88062100,000,C62,มีน้ำหนักวิ่งขึ้นสูงสุดไม่มากกว่า 250 กรัม,CN,513,9135199,import
2565,7,88062200,000,C62,มีน้ำหนักวิ่งขึ้นสูงสุดมากกว่า 250 กรัม แต่ไม่มากกว่า 7 กิโลกรัม,CN,417,17483191,import
2565,7,88062400,000,C62,มีน้ำหนักวิ่งขึ้นสูงสุดมากกว่า 25 กิโลกรัม แต่ไม่มากกว่า 150 กิโลกรัม,CN,200,30068268,import
2565,7,88062900,000,C62,อื่น ๆ,CN,1134,22557521,import
2565,7,88069200,000,C62,มีน้ำหนักวิ่งขึ้นสูงสุดมากกว่า 250 กรัม แต่ไม่มากกว่า 7 กิโลกรัม,CN,1,13137,import
2565,7,88069400,000,C62,มีน้ำหนักวิ่งขึ้นสูงสุดมากกว่า 25 กิโลกรัม แต่ไม่มากกว่า 150 กิโลกรัม,CN,166,15767311,import
2565,7,88069900,000,C62,อื่น ๆ,CN,1,35870,import
2565,7,88069900,000,C62,อื่น ๆ,TW,2,93078,import
2565,8,88062100,000,C62,มีน้ำหนักวิ่งขึ้นสูงสุดไม่มากกว่า 250 กรัม,CN,672,16084286,import
2565,8,88062200,000,C62,มีน้ำหนักวิ่งขึ้นสูงสุดมากกว่า 250 กรัม แต่ไม่มากกว่า 7 กิโลกรัม,ID,1,12080,import
2565,8,88062200,000,C62,มีน้ำหนักวิ่งขึ้นสูงสุดมากกว่า 250 กรัม แต่ไม่มากกว่า 7 กิโลกรัม,CN,208,9644391,import
2565,8,88062400,000,C62,มีน้ำหนักวิ่งขึ้นสูงสุดมากกว่า 25 กิโลกรัม แต่ไม่มากกว่า 150 กิโลกรัม,CN,125,20182576,import
2565,8,88062900,000,C62,อื่น ๆ,CN,1848,50172133,import
2565,8,88062900,000,C62,อื่น ๆ,IL,1,368662,import
2565,8,88069200,000,C62,มีน้ำหนักวิ่งขึ้นสูงสุดมากกว่า 250 กรัม แต่ไม่มากกว่า 7 กิโลกรัม,ZA,1,585842,import
2565,8,88069400,000,C62,มีน้ำหนักวิ่งขึ้นสูงสุดมากกว่า 25 กิโลกรัม แต่ไม่มากกว่า 150 กิโลกรัม,CN,191,18294626,import
2565,8,88069900,000,C62,อื่น ๆ,CN,9,1191198,import
2565,8,88069900,000,C62,อื่น ๆ,IL,1,301798,import
2565,8,88069900,000,C62,อื่น ๆ,IN,2,645159,import
2565,8,88069900,000,C62,อื่น ๆ,CH,1,867564,import
2565,8,88069900,000,C62,อื่น ๆ,FR,1,8288,import
2565,9,88062100,000,C62,มีน้ำหนักวิ่งขึ้นสูงสุดไม่มากกว่า 250 กรัม,CN,515,11007094,import
2565,9,88062200,000,C62,มีน้ำหนักวิ่งขึ้นสูงสุดมากกว่า 250 กรัม แต่ไม่มากกว่า 7 กิโลกรัม,CN,210,8108164,import
2565,9,88062400,000,C62,มีน้ำหนักวิ่งขึ้นสูงสุดมากกว่า 25 กิโลกรัม แต่ไม่มากกว่า 150 กิโลกรัม,CN,138,24380363,import
2565,9,88062900,000,C62,อื่น ๆ,ES,4,107642323,import
2565,9,88062900,000,C62,อื่น ๆ,US,2,9894,import
2565,9,88062900,000,C62,อื่น ๆ,CN,1985,47266372,import
2565,9,88069300,000,C62,มีน้ำหนักวิ่งขึ้นสูงสุดมากกว่า 7 กิโลกรัม แต่ไม่มากกว่า 25 กิโลกรัม,CN,1,909949,import
2565,9,88069400,000,C62,มีน้ำหนักวิ่งขึ้นสูงสุดมากกว่า 25 กิโลกรัม แต่ไม่มากกว่า 150 กิโลกรัม,CN,136,9407326,import
2565,9,88069900,000,C62,อื่น ๆ,CH,1,10376,import
2565,9,88069900,000,C62,อื่น ๆ,CN,6,554096,import
2565,10,88062100,000,C62,มีน้ำหนักวิ่งขึ้นสูงสุดไม่มากกว่า 250 กรัม,CN,640,14311790,import
2565,10,88062200,000,C62,มีน้ำหนักวิ่งขึ้นสูงสุดมากกว่า 250 กรัม แต่ไม่มากกว่า 7 กิโลกรัม,CN,224,5487697,import
2565,10,88062300,000,C62,มีน้ำหนักวิ่งขึ้นสูงสุดมากกว่า 7 กิโลกรัม แต่ไม่มากกว่า 25 กิโลกรัม,CN,10,1786494,import
2565,10,88062400,000,C62,มีน้ำหนักวิ่งขึ้นสูงสุดมากกว่า 25 กิโลกรัม แต่ไม่มากกว่า 150 กิโลกรัม,CN,53,11817021,import
2565,10,88062900,000,C62,อื่น ๆ,CN,1403,35387117,import
2565,10,88069300,000,C62,มีน้ำหนักวิ่งขึ้นสูงสุดมากกว่า 7 กิโลกรัม แต่ไม่มากกว่า 25 กิโลกรัม,CN,1,925512,import
2565,10,88069400,000,C62,มีน้ำหนักวิ่งขึ้นสูงสุดมากกว่า 25 กิโลกรัม แต่ไม่มากกว่า 150 กิโลกรัม,CN,30,2498283,import
2565,10,88069900,000,C62,อื่น ๆ,SG,1,8642,import
2565,10,88069900,000,C62,อื่น ๆ,CN,9,1136200,import
2565,10,88069900,000,C62,อื่น ๆ,CH,1,27674,import
2565,11,88062100,000,C62,มีน้ำหนักวิ่งขึ้นสูงสุดไม่มากกว่า 250 กรัม,CN,1175,21882227,import
2565,11,88062200,000,C62,มีน้ำหนักวิ่งขึ้นสูงสุดมากกว่า 250 กรัม แต่ไม่มากกว่า 7 กิโลกรัม,TR,1,58046,import
2565,11,88062200,000,C62,มีน้ำหนักวิ่งขึ้นสูงสุดมากกว่า 250 กรัม แต่ไม่มากกว่า 7 กิโลกรัม,CN,636,26391712,import
2565,11,88062400,000,C62,มีน้ำหนักวิ่งขึ้นสูงสุดมากกว่า 25 กิโลกรัม แต่ไม่มากกว่า 150 กิโลกรัม,CN,75,15627953,import
2565,11,88062900,000,C62,อื่น ๆ,CN,2018,49266227,import
2565,11,88069200,000,C62,มีน้ำหนักวิ่งขึ้นสูงสุดมากกว่า 250 กรัม แต่ไม่มากกว่า 7 กิโลกรัม,US,2,53115,import
2565,11,88069400,000,C62,มีน้ำหนักวิ่งขึ้นสูงสุดมากกว่า 25 กิโลกรัม แต่ไม่มากกว่า 150 กิโลกรัม,CN,118,8782664,import
2565,11,88069900,000,C62,อื่น ๆ,US,1,3580,import
2565,11,88069900,000,C62,อื่น ๆ,CN,25,1392203,import
2565,11,88069900,000,C62,อื่น ๆ,CA,1,2684,import
2565,11,88069900,000,C62,อื่น ๆ,CH,3,3523100,import
2565,11,88069900,000,C62,อื่น ๆ,AT,2,418437940,import
2565,12,88062100,000,C62,มีน้ำหนักวิ่งขึ้นสูงสุดไม่มากกว่า 250 กรัม,HK,1,4650,import
2565,12,88062100,000,C62,มีน้ำหนักวิ่งขึ้นสูงสุดไม่มากกว่า 250 กรัม,CN,1162,25270020,import
2565,12,88062200,000,C62,มีน้ำหนักวิ่งขึ้นสูงสุดมากกว่า 250 กรัม แต่ไม่มากกว่า 7 กิโลกรัม,NO,1,3454832,import
2565,12,88062200,000,C62,มีน้ำหนักวิ่งขึ้นสูงสุดมากกว่า 250 กรัม แต่ไม่มากกว่า 7 กิโลกรัม,CN,320,13062144,import
2565,12,88062200,000,C62,มีน้ำหนักวิ่งขึ้นสูงสุดมากกว่า 250 กรัม แต่ไม่มากกว่า 7 กิโลกรัม,CA,1,6334103,import
2565,12,88062200,000,C62,มีน้ำหนักวิ่งขึ้นสูงสุดมากกว่า 250 กรัม แต่ไม่มากกว่า 7 กิโลกรัม,TH,1,54888,import
2565,12,88062300,000,C62,มีน้ำหนักวิ่งขึ้นสูงสุดมากกว่า 7 กิโลกรัม แต่ไม่มากกว่า 25 กิโลกรัม,CN,11,1043428,import
2565,12,88062400,000,C62,มีน้ำหนักวิ่งขึ้นสูงสุดมากกว่า 25 กิโลกรัม แต่ไม่มากกว่า 150 กิโลกรัม,CN,31,4942416,import
2565,12,88062900,000,C62,อื่น ๆ,CN,1552,34506735,import
2565,12,88069100,000,C62,มีน้ำหนักวิ่งขึ้นสูงสุดไม่มากกว่า 250 กรัม,GB,1,5183,import
2565,12,88069300,000,C62,มีน้ำหนักวิ่งขึ้นสูงสุดมากกว่า 7 กิโลกรัม แต่ไม่มากกว่า 25 กิโลกรัม,CN,10,5184911,import
2565,12,88069400,000,C62,มีน้ำหนักวิ่งขึ้นสูงสุดมากกว่า 25 กิโลกรัม แต่ไม่มากกว่า 150 กิโลกรัม,CN,87,15971863,import
2565,12,88069900,000,C62,อื่น ๆ,US,1,531928,import
2565,12,88069900,000,C62,อื่น ๆ,CN,15,1449442,import
2566,1,88062100,000,C62,มีน้ำหนักวิ่งขึ้นสูงสุดไม่มากกว่า 250 กรัม,CN,444,7744936,import
2566,1,88062200,000,C62,มีน้ำหนักวิ่งขึ้นสูงสุดมากกว่า 250 กรัม แต่ไม่มากกว่า 7 กิโลกรัม,NO,1,288701,import
2566,1,88062200,000,C62,มีน้ำหนักวิ่งขึ้นสูงสุดมากกว่า 250 กรัม แต่ไม่มากกว่า 7 กิโลกรัม,CN,39,894594,import
2566,1,88062200,000,C62,มีน้ำหนักวิ่งขึ้นสูงสุดมากกว่า 250 กรัม แต่ไม่มากกว่า 7 กิโลกรัม,CA,1,439213,import
2566,1,88062200,000,C62,มีน้ำหนักวิ่งขึ้นสูงสุดมากกว่า 250 กรัม แต่ไม่มากกว่า 7 กิโลกรัม,CH,1,465317,import
2566,1,88062900,000,C62,อื่น ๆ,CN,1536,37743936,import
2566,1,88062900,000,C62,อื่น ๆ,MX,1,7555,import
2566,1,88069400,000,C62,มีน้ำหนักวิ่งขึ้นสูงสุดมากกว่า 25 กิโลกรัม แต่ไม่มากกว่า 150 กิโลกรัม,CN,224,29278559,import
2566,1,88069400,000,C62,มีน้ำหนักวิ่งขึ้นสูงสุดมากกว่า 25 กิโลกรัม แต่ไม่มากกว่า 150 กิโลกรัม,HK,1,17986,import
2566,1,88069900,000,C62,อื่น ๆ,US,1,13316,import
2566,1,88069900,000,C62,อื่น ๆ,CN,24,2013099,import
2566,2,88062100,000,C62,มีน้ำหนักวิ่งขึ้นสูงสุดไม่มากกว่า 250 กรัม,US,1,26191,import
2566,2,88062100,000,C62,มีน้ำหนักวิ่งขึ้นสูงสุดไม่มากกว่า 250 กรัม,CN,1742,28583793,import
2566,2,88062200,000,C62,มีน้ำหนักวิ่งขึ้นสูงสุดมากกว่า 250 กรัม แต่ไม่มากกว่า 7 กิโลกรัม,CN,197,9708080,import
2566,2,88062200,000,C62,มีน้ำหนักวิ่งขึ้นสูงสุดมากกว่า 250 กรัม แต่ไม่มากกว่า 7 กิโลกรัม,TH,1,24962,import
2566,2,88062300,000,C62,มีน้ำหนักวิ่งขึ้นสูงสุดมากกว่า 7 กิโลกรัม แต่ไม่มากกว่า 25 กิโลกรัม,CN,3,261976,import
2566,2,88062400,000,C62,มีน้ำหนักวิ่งขึ้นสูงสุดมากกว่า 25 กิโลกรัม แต่ไม่มากกว่า 150 กิโลกรัม,CN,170,26091697,import
2566,2,88062900,000,C62,อื่น ๆ,MY,41,194957,import
2566,2,88062900,000,C62,อื่น ๆ,CN,1858,35839120,import
2566,2,88069300,000,C62,มีน้ำหนักวิ่งขึ้นสูงสุดมากกว่า 7 กิโลกรัม แต่ไม่มากกว่า 25 กิโลกรัม,CN,1,1043685,import
2566,2,88069400,000,C62,มีน้ำหนักวิ่งขึ้นสูงสุดมากกว่า 25 กิโลกรัม แต่ไม่มากกว่า 150 กิโลกรัม,CN,120,12240817,import
2566,3,88062100,000,C62,มีน้ำหนักวิ่งขึ้นสูงสุดไม่มากกว่า 250 กรัม,CN,954,16280493,import
2566,3,88062200,000,C62,มีน้ำหนักวิ่งขึ้นสูงสุดมากกว่า 250 กรัม แต่ไม่มากกว่า 7 กิโลกรัม,CN,294,11730669,import
2566,3,88062200,000,C62,มีน้ำหนักวิ่งขึ้นสูงสุดมากกว่า 250 กรัม แต่ไม่มากกว่า 7 กิโลกรัม,HK,2,22658,import
2566,3,88062300,000,C62,มีน้ำหนักวิ่งขึ้นสูงสุดมากกว่า 7 กิโลกรัม แต่ไม่มากกว่า 25 กิโลกรัม,CN,2,270700,import
2566,3,88062900,000,C62,อื่น ๆ,CN,1333,27960137,import
2566,3,88069200,000,C62,มีน้ำหนักวิ่งขึ้นสูงสุดมากกว่า 250 กรัม แต่ไม่มากกว่า 7 กิโลกรัม,CN,5,490293,import
2566,3,88069300,000,C62,มีน้ำหนักวิ่งขึ้นสูงสุดมากกว่า 7 กิโลกรัม แต่ไม่มากกว่า 25 กิโลกรัม,CN,1,1264463,import
2566,3,88069400,000,C62,มีน้ำหนักวิ่งขึ้นสูงสุดมากกว่า 25 กิโลกรัม แต่ไม่มากกว่า 150 กิโลกรัม,US,1,2689,import
2566,3,88069400,000,C62,มีน้ำหนักวิ่งขึ้นสูงสุดมากกว่า 25 กิโลกรัม แต่ไม่มากกว่า 150 กิโลกรัม,CN,492,63913884,import
2566,3,88069900,000,C62,อื่น ๆ,CH,1,1140511,import
2566,3,88069900,000,C62,อื่น ๆ,CN,25,1718392,import
2566,3,88069900,000,C62,อื่น ๆ,DE,1,31264,import
2566,3,88069900,000,C62,อื่น ๆ,US,1,57760,import
2566,4,88062100,000,C62,มีน้ำหนักวิ่งขึ้นสูงสุดไม่มากกว่า 250 กรัม,CN,807,16891459,import
2566,4,88062200,000,C62,มีน้ำหนักวิ่งขึ้นสูงสุดมากกว่า 250 กรัม แต่ไม่มากกว่า 7 กิโลกรัม,CN,2765,205448772,import
2566,4,88062200,000,C62,มีน้ำหนักวิ่งขึ้นสูงสุดมากกว่า 250 กรัม แต่ไม่มากกว่า 7 กิโลกรัม,TH,2,163164,import
2566,4,88062300,000,C62,มีน้ำหนักวิ่งขึ้นสูงสุดมากกว่า 7 กิโลกรัม แต่ไม่มากกว่า 25 กิโลกรัม,CN,2,277743,import
2566,4,88062900,000,C62,อื่น ๆ,CN,1592,33524281,import
2566,4,88062900,000,C62,อื่น ๆ,IL,3,17708267,import
2566,4,88069100,000,C62,มีน้ำหนักวิ่งขึ้นสูงสุดไม่มากกว่า 250 กรัม,US,2,66186,import
2566,4,88069400,000,C62,มีน้ำหนักวิ่งขึ้นสูงสุดมากกว่า 25 กิโลกรัม แต่ไม่มากกว่า 150 กิโลกรัม,CN,207,27476305,import
2566,4,88069900,000,C62,อื่น ๆ,MY,1,8504,import
2566,4,88069900,000,C62,อื่น ๆ,CH,1,1151535,import
2566,5,88061000,000,C62,ที่ออกแบบสำหรับการขนส่งผู้โดยสาร,CN,1,6355,import
2566,5,88062100,000,C62,มีน้ำหนักวิ่งขึ้นสูงสุดไม่มากกว่า 250 กรัม,CN,98,1699657,import
2566,5,88062100,000,C62,มีน้ำหนักวิ่งขึ้นสูงสุดไม่มากกว่า 250 กรัม,US,1,5690,import
2566,5,88062200,000,C62,มีน้ำหนักวิ่งขึ้นสูงสุดมากกว่า 250 กรัม แต่ไม่มากกว่า 7 กิโลกรัม,HK,1,3260,import
2566,5,88062200,000,C62,มีน้ำหนักวิ่งขึ้นสูงสุดมากกว่า 250 กรัม แต่ไม่มากกว่า 7 กิโลกรัม,SG,1,23011,import
2566,5,88062200,000,C62,มีน้ำหนักวิ่งขึ้นสูงสุดมากกว่า 250 กรัม แต่ไม่มากกว่า 7 กิโลกรัม,CN,1261,69735679,import
2566,5,88062200,000,C62,มีน้ำหนักวิ่งขึ้นสูงสุดมากกว่า 250 กรัม แต่ไม่มากกว่า 7 กิโลกรัม,CH,1,871969,import
2566,5,88062400,000,C62,มีน้ำหนักวิ่งขึ้นสูงสุดมากกว่า 25 กิโลกรัม แต่ไม่มากกว่า 150 กิโลกรัม,CN,48,8664278,import
2566,5,88062900,000,C62,อื่น ๆ,CN,722,24343644,import
2566,5,88069400,000,C62,มีน้ำหนักวิ่งขึ้นสูงสุดมากกว่า 25 กิโลกรัม แต่ไม่มากกว่า 150 กิโลกรัม,CN,241,34055265,import
2566,5,88069900,000,C62,อื่น ๆ,CH,1,275841,import
2566,5,88069900,000,C62,อื่น ๆ,SG,1,3160,import
2566,5,88069900,000,C62,อื่น ๆ,US,2,33643315,import
2566,5,88069900,000,C62,อื่น ๆ,AU,2,434149,import
2566,5,88069900,000,C62,อื่น ๆ,DE,1,38580,import
2566,5,88069900,000,C62,อื่น ๆ,CN,49,787381,import
2566,6,88062100,000,C62,มีน้ำหนักวิ่งขึ้นสูงสุดไม่มากกว่า 250 กรัม,CN,247,2736592,import
2566,6,88062200,000,C62,มีน้ำหนักวิ่งขึ้นสูงสุดมากกว่า 250 กรัม แต่ไม่มากกว่า 7 กิโลกรัม,CN,1933,174005811,import
2566,6,88062400,000,C62,มีน้ำหนักวิ่งขึ้นสูงสุดมากกว่า 25 กิโลกรัม แต่ไม่มากกว่า 150 กิโลกรัม,CN,95,16182179,import
2566,6,88062900,000,C62,อื่น ๆ,KR,2,1925072,import
2566,6,88062900,000,C62,อื่น ๆ,CN,435,11414859,import
2566,6,88069400,000,C62,มีน้ำหนักวิ่งขึ้นสูงสุดมากกว่า 25 กิโลกรัม แต่ไม่มากกว่า 150 กิโลกรัม,CN,175,25506137,import
2566,6,88069900,000,C62,อื่น ๆ,CN,15,1160523,import
2566,6,88069900,000,C62,อื่น ๆ,US,1,20334,import
2566,7,88062100,000,C62,มีน้ำหนักวิ่งขึ้นสูงสุดไม่มากกว่า 250 กรัม,US,1,24179,import
2566,7,88062200,000,C62,มีน้ำหนักวิ่งขึ้นสูงสุดมากกว่า 250 กรัม แต่ไม่มากกว่า 7 กิโลกรัม,KR,558,1397603,import
2566,7,88062200,000,C62,มีน้ำหนักวิ่งขึ้นสูงสุดมากกว่า 250 กรัม แต่ไม่มากกว่า 7 กิโลกรัม,CH,1,9250,import
2566,7,88062200,000,C62,มีน้ำหนักวิ่งขึ้นสูงสุดมากกว่า 250 กรัม แต่ไม่มากกว่า 7 กิโลกรัม,CN,896,51890854,import
2566,7,88062300,000,C62,มีน้ำหนักวิ่งขึ้นสูงสุดมากกว่า 7 กิโลกรัม แต่ไม่มากกว่า 25 กิโลกรัม,CN,2,171002,import
2566,7,88062400,000,C62,มีน้ำหนักวิ่งขึ้นสูงสุดมากกว่า 25 กิโลกรัม แต่ไม่มากกว่า 150 กิโลกรัม,CN,125,15970307,import
2566,7,88062900,000,C62,อื่น ๆ,AU,1,21804,import
2566,7,88062900,000,C62,อื่น ๆ,CH,1,2536,import
2566,7,88062900,000,C62,อื่น ๆ,CN,1157,21382187,import
2566,7,88069100,000,C62,มีน้ำหนักวิ่งขึ้นสูงสุดไม่มากกว่า 250 กรัม,SG,1,3171,import
2566,7,88069200,000,C62,มีน้ำหนักวิ่งขึ้นสูงสุดมากกว่า 250 กรัม แต่ไม่มากกว่า 7 กิโลกรัม,JP,1,12651,import
2566,7,88069400,000,C62,มีน้ำหนักวิ่งขึ้นสูงสุดมากกว่า 25 กิโลกรัม แต่ไม่มากกว่า 150 กิโลกรัม,CN,288,38802412,import
2566,7,88069900,000,C62,อื่น ๆ,DE,2,415786,import
2566,7,88069900,000,C62,อื่น ๆ,US,1,979,import
2566,7,88069900,000,C62,อื่น ๆ,CN,17,207254,import
2566,8,88062100,000,C62,มีน้ำหนักวิ่งขึ้นสูงสุดไม่มากกว่า 250 กรัม,US,1,12599,import
2566,8,88062100,000,C62,มีน้ำหนักวิ่งขึ้นสูงสุดไม่มากกว่า 250 กรัม,CN,7,199655,import
2566,8,88062200,000,C62,มีน้ำหนักวิ่งขึ้นสูงสุดมากกว่า 250 กรัม แต่ไม่มากกว่า 7 กิโลกรัม,CN,1522,108673202,import
2566,8,88062300,000,C62,มีน้ำหนักวิ่งขึ้นสูงสุดมากกว่า 7 กิโลกรัม แต่ไม่มากกว่า 25 กิโลกรัม,JP,1,1992516,import
2566,8,88062400,000,C62,มีน้ำหนักวิ่งขึ้นสูงสุดมากกว่า 25 กิโลกรัม แต่ไม่มากกว่า 150 กิโลกรัม,CN,255,37829261,import
2566,8,88062900,000,C62,อื่น ๆ,CN,1395,35323878,import
2566,8,88069400,000,C62,มีน้ำหนักวิ่งขึ้นสูงสุดมากกว่า 25 กิโลกรัม แต่ไม่มากกว่า 150 กิโลกรัม,CN,365,53521798,import
2566,8,88069900,000,C62,อื่น ๆ,CN,29,503667,import
2566,9,88061000,000,C62,ที่ออกแบบสำหรับการขนส่งผู้โดยสาร,CN,2,1258,import
2566,9,88062100,000,C62,มีน้ำหนักวิ่งขึ้นสูงสุดไม่มากกว่า 250 กรัม,CN,942,22931144,import
2566,9,88062100,000,C62,มีน้ำหนักวิ่งขึ้นสูงสุดไม่มากกว่า 250 กรัม,US,1,18370,import
2566,9,88062200,000,C62,มีน้ำหนักวิ่งขึ้นสูงสุดมากกว่า 250 กรัม แต่ไม่มากกว่า 7 กิโลกรัม,SG,1,14000,import
2566,9,88062200,000,C62,มีน้ำหนักวิ่งขึ้นสูงสุดมากกว่า 250 กรัม แต่ไม่มากกว่า 7 กิโลกรัม,CA,1,270965,import
2566,9,88062200,000,C62,มีน้ำหนักวิ่งขึ้นสูงสุดมากกว่า 250 กรัม แต่ไม่มากกว่า 7 กิโลกรัม,HK,2,8173,import
2566,9,88062200,000,C62,มีน้ำหนักวิ่งขึ้นสูงสุดมากกว่า 250 กรัม แต่ไม่มากกว่า 7 กิโลกรัม,CN,3130,256330843,import
2566,9,88062300,000,C62,มีน้ำหนักวิ่งขึ้นสูงสุดมากกว่า 7 กิโลกรัม แต่ไม่มากกว่า 25 กิโลกรัม,CN,1,46331,import
2566,9,88062900,000,C62,อื่น ๆ,CN,1078,28570061,import
2566,9,88069100,000,C62,มีน้ำหนักวิ่งขึ้นสูงสุดไม่มากกว่า 250 กรัม,CN,1,1134,import
2566,9,88069400,000,C62,มีน้ำหนักวิ่งขึ้นสูงสุดมากกว่า 25 กิโลกรัม แต่ไม่มากกว่า 150 กิโลกรัม,CN,236,36095167,import
2566,9,88069900,000,C62,อื่น ๆ,CN,2,44478,import
2566,10,88062100,000,C62,มีน้ำหนักวิ่งขึ้นสูงสุดไม่มากกว่า 250 กรัม,CN,301,8471387,import
2566,10,88062200,000,C62,มีน้ำหนักวิ่งขึ้นสูงสุดมากกว่า 250 กรัม แต่ไม่มากกว่า 7 กิโลกรัม,CN,4022,366273973,import
2566,10,88062300,000,C62,มีน้ำหนักวิ่งขึ้นสูงสุดมากกว่า 7 กิโลกรัม แต่ไม่มากกว่า 25 กิโลกรัม,JP,1,1936948,import
2566,10,88062900,000,C62,อื่น ๆ,CN,1444,39076169,import
2566,10,88062900,000,C62,อื่น ๆ,TH,3,489451,import
2566,10,88069200,000,C62,มีน้ำหนักวิ่งขึ้นสูงสุดมากกว่า 250 กรัม แต่ไม่มากกว่า 7 กิโลกรัม,HK,1,15320,import
2566,10,88069200,000,C62,มีน้ำหนักวิ่งขึ้นสูงสุดมากกว่า 250 กรัม แต่ไม่มากกว่า 7 กิโลกรัม,GB,1,28233,import
2566,10,88069300,000,C62,มีน้ำหนักวิ่งขึ้นสูงสุดมากกว่า 7 กิโลกรัม แต่ไม่มากกว่า 25 กิโลกรัม,SG,1,1134750,import
2566,10,88069400,000,C62,มีน้ำหนักวิ่งขึ้นสูงสุดมากกว่า 25 กิโลกรัม แต่ไม่มากกว่า 150 กิโลกรัม,CN,107,14584134,import
2566,10,88069900,000,C62,อื่น ๆ,US,3,335672,import
2566,10,88069900,000,C62,อื่น ๆ,TR,3,197734,import
2566,10,88069900,000,C62,อื่น ๆ,VN,6,531234,import
2566,10,88069900,000,C62,อื่น ๆ,ZA,1,72190,import
2566,10,88069900,000,C62,อื่น ๆ,CN,31,1899062,import
2566,11,88062100,000,C62,มีน้ำหนักวิ่งขึ้นสูงสุดไม่มากกว่า 250 กรัม,CN,126,1729741,import
2566,11,88062200,000,C62,มีน้ำหนักวิ่งขึ้นสูงสุดมากกว่า 250 กรัม แต่ไม่มากกว่า 7 กิโลกรัม,TH,1,30651,import
2566,11,88062200,000,C62,มีน้ำหนักวิ่งขึ้นสูงสุดมากกว่า 250 กรัม แต่ไม่มากกว่า 7 กิโลกรัม,US,1,39355,import
2566,11,88062200,000,C62,มีน้ำหนักวิ่งขึ้นสูงสุดมากกว่า 250 กรัม แต่ไม่มากกว่า 7 กิโลกรัม,CN,1607,153589360,import
2566,11,88062400,000,C62,มีน้ำหนักวิ่งขึ้นสูงสุดมากกว่า 25 กิโลกรัม แต่ไม่มากกว่า 150 กิโลกรัม,CN,101,16213489,import
2566,11,88062900,000,C62,อื่น ๆ,CN,1427,35204298,import
2566,11,88069300,000,C62,มีน้ำหนักวิ่งขึ้นสูงสุดมากกว่า 7 กิโลกรัม แต่ไม่มากกว่า 25 กิโลกรัม,SG,1,2302687,import
2566,11,88069400,000,C62,มีน้ำหนักวิ่งขึ้นสูงสุดมากกว่า 25 กิโลกรัม แต่ไม่มากกว่า 150 กิโลกรัม,CN,424,57594838,import
2566,11,88069900,000,C62,อื่น ๆ,GR,2,1591777,import
2566,11,88069900,000,C62,อื่น ๆ,CN,189,20407141,import
2566,11,88069900,000,C62,อื่น ๆ,TH,1,20264,import
2566,12,88062100,000,C62,มีน้ำหนักวิ่งขึ้นสูงสุดไม่มากกว่า 250 กรัม,CN,810,21627663,import
2566,12,88062100,000,C62,มีน้ำหนักวิ่งขึ้นสูงสุดไม่มากกว่า 250 กรัม,US,1,8519,import
2566,12,88062200,000,C62,มีน้ำหนักวิ่งขึ้นสูงสุดมากกว่า 250 กรัม แต่ไม่มากกว่า 7 กิโลกรัม,KR,100,583298,import
2566,12,88062200,000,C62,มีน้ำหนักวิ่งขึ้นสูงสุดมากกว่า 250 กรัม แต่ไม่มากกว่า 7 กิโลกรัม,NL,1,31554,import
2566,12,88062300,000,C62,มีน้ำหนักวิ่งขึ้นสูงสุดมากกว่า 7 กิโลกรัม แต่ไม่มากกว่า 25 กิโลกรัม,JP,1,1868550,import
2566,12,88062400,000,C62,มีน้ำหนักวิ่งขึ้นสูงสุดมากกว่า 25 กิโลกรัม แต่ไม่มากกว่า 150 กิโลกรัม,CN,72,13272704,import
2566,12,88062400,000,C62,มีน้ำหนักวิ่งขึ้นสูงสุดมากกว่า 25 กิโลกรัม แต่ไม่มากกว่า 150 กิโลกรัม,US,2,582044,import
2566,12,88062900,000,C62,อื่น ๆ,US,1,36478,import
2566,12,88062900,000,C62,อื่น ๆ,CN,1297,35481095,import
2566,12,88069100,000,C62,มีน้ำหนักวิ่งขึ้นสูงสุดไม่มากกว่า 250 กรัม,CN,520,3860371,import
2566,12,88069200,000,C62,มีน้ำหนักวิ่งขึ้นสูงสุดมากกว่า 250 กรัม แต่ไม่มากกว่า 7 กิโลกรัม,CN,570,4318622,import
2566,12,88069400,000,C62,มีน้ำหนักวิ่งขึ้นสูงสุดมากกว่า 25 กิโลกรัม แต่ไม่มากกว่า 150 กิโลกรัม,CN,122,16641290,import
2566,12,88069900,000,C62,อื่น ๆ,DK,1,259,import
2566,12,88069900,000,C62,อื่น ๆ,CN,205,14142021,import
2567,1,88062100,000,C62,มีน้ำหนักวิ่งขึ้นสูงสุดไม่มากกว่า 250 กรัม,CN,338,9116630,import
2567,1,88062200,000,C62,มีน้ำหนักวิ่งขึ้นสูงสุดมากกว่า 250 กรัม แต่ไม่มากกว่า 7 กิโลกรัม,US,2,35270,import
2567,1,88062200,000,C62,มีน้ำหนักวิ่งขึ้นสูงสุดมากกว่า 250 กรัม แต่ไม่มากกว่า 7 กิโลกรัม,CN,212,7990549,import
2567,1,88062200,000,C62,มีน้ำหนักวิ่งขึ้นสูงสุดมากกว่า 250 กรัม แต่ไม่มากกว่า 7 กิโลกรัม,MY,1,2365,import
2567,1,88062200,000,C62,มีน้ำหนักวิ่งขึ้นสูงสุดมากกว่า 250 กรัม แต่ไม่มากกว่า 7 กิโลกรัม,CH,1,494415,import
2567,1,88062400,000,C62,มีน้ำหนักวิ่งขึ้นสูงสุดมากกว่า 25 กิโลกรัม แต่ไม่มากกว่า 150 กิโลกรัม,CN,42,9383628,import
2567,1,88062900,000,C62,อื่น ๆ,CN,1575,38195498,import
2567,1,88069100,000,C62,มีน้ำหนักวิ่งขึ้นสูงสุดไม่มากกว่า 250 กรัม,CN,480,3972358,import
2567,1,88069300,000,C62,มีน้ำหนักวิ่งขึ้นสูงสุดมากกว่า 7 กิโลกรัม แต่ไม่มากกว่า 25 กิโลกรัม,SG,1,864969,import
2567,1,88069400,000,C62,มีน้ำหนักวิ่งขึ้นสูงสุดมากกว่า 25 กิโลกรัม แต่ไม่มากกว่า 150 กิโลกรัม,CN,248,30973532,import
2567,1,88069900,000,C62,อื่น ๆ,CN,288,22027917,import
2567,1,88069900,000,C62,อื่น ๆ,US,1,9386,import
2567,2,88062100,000,C62,มีน้ำหนักวิ่งขึ้นสูงสุดไม่มากกว่า 250 กรัม,CN,2,34692,import
2567,2,88062200,000,C62,มีน้ำหนักวิ่งขึ้นสูงสุดมากกว่า 250 กรัม แต่ไม่มากกว่า 7 กิโลกรัม,CN,2080,74420320,import
2567,2,88062300,000,C62,มีน้ำหนักวิ่งขึ้นสูงสุดมากกว่า 7 กิโลกรัม แต่ไม่มากกว่า 25 กิโลกรัม,CN,3,1702460,import
2567,2,88062400,000,C62,มีน้ำหนักวิ่งขึ้นสูงสุดมากกว่า 25 กิโลกรัม แต่ไม่มากกว่า 150 กิโลกรัม,CN,45,8070772,import
2567,2,88062400,000,C62,มีน้ำหนักวิ่งขึ้นสูงสุดมากกว่า 25 กิโลกรัม แต่ไม่มากกว่า 150 กิโลกรัม,KR,1,243297,import
2567,2,88062900,000,C62,อื่น ๆ,CN,1535,37878354,import
2567,2,88062900,000,C62,อื่น ๆ,JP,1,5272,import
2567,2,88069100,000,C62,มีน้ำหนักวิ่งขึ้นสูงสุดไม่มากกว่า 250 กรัม,CN,820,6311239,import
2567,2,88069400,000,C62,มีน้ำหนักวิ่งขึ้นสูงสุดมากกว่า 25 กิโลกรัม แต่ไม่มากกว่า 150 กิโลกรัม,CN,128,20436401,import
2567,2,88069900,000,C62,อื่น ๆ,LV,1,35606,import
2567,2,88069900,000,C62,อื่น ๆ,MY,6,732176,import
2567,2,88069900,000,C62,อื่น ๆ,CN,129,13277726,import
2567,3,88062100,000,C62,มีน้ำหนักวิ่งขึ้นสูงสุดไม่มากกว่า 250 กรัม,US,2,49503,import
2567,3,88062100,000,C62,มีน้ำหนักวิ่งขึ้นสูงสุดไม่มากกว่า 250 กรัม,CN,1026,26052377,import
2567,3,88062200,000,C62,มีน้ำหนักวิ่งขึ้นสูงสุดมากกว่า 250 กรัม แต่ไม่มากกว่า 7 กิโลกรัม,CN,3639,130868922,import
2567,3,88062300,000,C62,มีน้ำหนักวิ่งขึ้นสูงสุดมากกว่า 7 กิโลกรัม แต่ไม่มากกว่า 25 กิโลกรัม,CN,1,16082,import
2567,3,88062400,000,C62,มีน้ำหนักวิ่งขึ้นสูงสุดมากกว่า 25 กิโลกรัม แต่ไม่มากกว่า 150 กิโลกรัม,CN,70,11270647,import
2567,3,88062900,000,C62,อื่น ๆ,CN,2086,53139798,import
2567,3,88069100,000,C62,มีน้ำหนักวิ่งขึ้นสูงสุดไม่มากกว่า 250 กรัม,CN,502,3899558,import
2567,3,88069300,000,C62,มีน้ำหนักวิ่งขึ้นสูงสุดมากกว่า 7 กิโลกรัม แต่ไม่มากกว่า 25 กิโลกรัม,CN,1,44177,import
2567,3,88069400,000,C62,มีน้ำหนักวิ่งขึ้นสูงสุดมากกว่า 25 กิโลกรัม แต่ไม่มากกว่า 150 กิโลกรัม,CN,141,22412036,import
2567,3,88069900,000,C62,อื่น ๆ,CN,332,36669551,import
2567,3,88069900,000,C62,อื่น ๆ,US,2,42707,import
2567,3,88069900,000,C62,อื่น ๆ,SG,1,2991723,import
2567,3,88069900,000,C62,อื่น ๆ,NL,1,47614,import
2567,4,88062100,000,C62,มีน้ำหนักวิ่งขึ้นสูงสุดไม่มากกว่า 250 กรัม,CN,626,12101504,import
2567,4,88062100,000,C62,มีน้ำหนักวิ่งขึ้นสูงสุดไม่มากกว่า 250 กรัม,US,2,51161,import
2567,4,88062200,000,C62,มีน้ำหนักวิ่งขึ้นสูงสุดมากกว่า 250 กรัม แต่ไม่มากกว่า 7 กิโลกรัม,CN,2627,92393392,import
2567,4,88062400,000,C62,มีน้ำหนักวิ่งขึ้นสูงสุดมากกว่า 25 กิโลกรัม แต่ไม่มากกว่า 150 กิโลกรัม,CN,176,29857001,import
2567,4,88062900,000,C62,อื่น ๆ,CN,1909,36375619,import
2567,4,88069100,000,C62,มีน้ำหนักวิ่งขึ้นสูงสุดไม่มากกว่า 250 กรัม,CN,200,1514686,import
2567,4,88069200,000,C62,มีน้ำหนักวิ่งขึ้นสูงสุดมากกว่า 250 กรัม แต่ไม่มากกว่า 7 กิโลกรัม,TH,462,22261050,import
2567,4,88069400,000,C62,มีน้ำหนักวิ่งขึ้นสูงสุดมากกว่า 25 กิโลกรัม แต่ไม่มากกว่า 150 กิโลกรัม,CN,625,87791740,import
2567,4,88069900,000,C62,อื่น ๆ,CN,133,14821127,import
2567,5,88062100,000,C62,มีน้ำหนักวิ่งขึ้นสูงสุดไม่มากกว่า 250 กรัม,US,1,12404,import
2567,5,88062100,000,C62,มีน้ำหนักวิ่งขึ้นสูงสุดไม่มากกว่า 250 กรัม,CN,1498,30280968,import
2567,5,88062200,000,C62,มีน้ำหนักวิ่งขึ้นสูงสุดมากกว่า 250 กรัม แต่ไม่มากกว่า 7 กิโลกรัม,CN,3475,132145678,import
2567,5,88062200,000,C62,มีน้ำหนักวิ่งขึ้นสูงสุดมากกว่า 250 กรัม แต่ไม่มากกว่า 7 กิโลกรัม,US,2,35861,import
2567,5,88062400,000,C62,มีน้ำหนักวิ่งขึ้นสูงสุดมากกว่า 25 กิโลกรัม แต่ไม่มากกว่า 150 กิโลกรัม,CN,33,10480305,import
2567,5,88062900,000,C62,อื่น ๆ,CN,1580,40471831,import
2567,5,88069100,000,C62,มีน้ำหนักวิ่งขึ้นสูงสุดไม่มากกว่า 250 กรัม,CN,2100,16290388,import
2567,5,88069200,000,C62,มีน้ำหนักวิ่งขึ้นสูงสุดมากกว่า 250 กรัม แต่ไม่มากกว่า 7 กิโลกรัม,CN,1,69276,import
2567,5,88069400,000,C62,มีน้ำหนักวิ่งขึ้นสูงสุดมากกว่า 25 กิโลกรัม แต่ไม่มากกว่า 150 กิโลกรัม,CN,346,42119750,import
2567,5,88069900,000,C62,อื่น ๆ,CN,270,26659664,import
2567,5,88069900,000,C62,อื่น ๆ,DE,1,530805,import
2567,6,88062100,000,C62,มีน้ำหนักวิ่งขึ้นสูงสุดไม่มากกว่า 250 กรัม,CN,94,1555610,import
2567,6,88062200,000,C62,มีน้ำหนักวิ่งขึ้นสูงสุดมากกว่า 250 กรัม แต่ไม่มากกว่า 7 กิโลกรัม,NL,1,32356,import
2567,6,88062200,000,C62,มีน้ำหนักวิ่งขึ้นสูงสุดมากกว่า 250 กรัม แต่ไม่มากกว่า 7 กิโลกรัม,HK,1,26269,import
2567,6,88062200,000,C62,มีน้ำหนักวิ่งขึ้นสูงสุดมากกว่า 250 กรัม แต่ไม่มากกว่า 7 กิโลกรัม,US,1,13278,import
2567,6,88062200,000,C62,มีน้ำหนักวิ่งขึ้นสูงสุดมากกว่า 250 กรัม แต่ไม่มากกว่า 7 กิโลกรัม,CN,1230,46211525,import
2567,6,88062200,000,C62,มีน้ำหนักวิ่งขึ้นสูงสุดมากกว่า 250 กรัม แต่ไม่มากกว่า 7 กิโลกรัม,KR,60,493726,import
2567,6,88062300,000,C62,มีน้ำหนักวิ่งขึ้นสูงสุดมากกว่า 7 กิโลกรัม แต่ไม่มากกว่า 25 กิโลกรัม,HK,1,964,import
2567,6,88062400,000,C62,มีน้ำหนักวิ่งขึ้นสูงสุดมากกว่า 25 กิโลกรัม แต่ไม่มากกว่า 150 กิโลกรัม,CN,200,36678043,import
2567,6,88062900,000,C62,อื่น ๆ,CN,2189,49314936,import
2567,6,88069400,000,C62,มีน้ำหนักวิ่งขึ้นสูงสุดมากกว่า 25 กิโลกรัม แต่ไม่มากกว่า 150 กิโลกรัม,CN,499,67169455,import
2567,6,88069900,000,C62,อื่น ๆ,US,10,40184,import
2567,6,88069900,000,C62,อื่น ๆ,AT,1,198547,import
2567,6,88069900,000,C62,อื่น ๆ,JP,1,21270,import
2567,6,88069900,000,C62,อื่น ๆ,HK,1,399,import
2567,6,88069900,000,C62,อื่น ๆ,CN,485,49134120,import
2567,7,88062100,000,C62,มีน้ำหนักวิ่งขึ้นสูงสุดไม่มากกว่า 250 กรัม,CN,530,12491937,import
2567,7,88062200,000,C62,มีน้ำหนักวิ่งขึ้นสูงสุดมากกว่า 250 กรัม แต่ไม่มากกว่า 7 กิโลกรัม,KR,50,410273,import
2567,7,88062200,000,C62,มีน้ำหนักวิ่งขึ้นสูงสุดมากกว่า 250 กรัม แต่ไม่มากกว่า 7 กิโลกรัม,CN,245,12318693,import
2567,7,88062300,000,C62,มีน้ำหนักวิ่งขึ้นสูงสุดมากกว่า 7 กิโลกรัม แต่ไม่มากกว่า 25 กิโลกรัม,CN,1200,1578993,import
2567,7,88062400,000,C62,มีน้ำหนักวิ่งขึ้นสูงสุดมากกว่า 25 กิโลกรัม แต่ไม่มากกว่า 150 กิโลกรัม,CN,293,64023839,import
2567,7,88062900,000,C62,อื่น ๆ,US,1,16799,import
2567,7,88062900,000,C62,อื่น ๆ,CN,1562,38734360,import
2567,7,88069200,000,C62,มีน้ำหนักวิ่งขึ้นสูงสุดมากกว่า 250 กรัม แต่ไม่มากกว่า 7 กิโลกรัม,CH,1,1416176,import
2567,7,88069400,000,C62,มีน้ำหนักวิ่งขึ้นสูงสุดมากกว่า 25 กิโลกรัม แต่ไม่มากกว่า 150 กิโลกรัม,CN,567,79764205,import
2567,7,88069900,000,C62,อื่น ๆ,CN,174,17543944,import
2567,7,88069900,000,C62,อื่น ๆ,JP,1,59050,import
2567,8,88062100,000,C62,มีน้ำหนักวิ่งขึ้นสูงสุดไม่มากกว่า 250 กรัม,US,1,11919,import
2567,8,88062100,000,C62,มีน้ำหนักวิ่งขึ้นสูงสุดไม่มากกว่า 250 กรัม,HK,2,18359,import
2567,8,88062100,000,C62,มีน้ำหนักวิ่งขึ้นสูงสุดไม่มากกว่า 250 กรัม,CN,3316,33441829,import
2567,8,88062200,000,C62,มีน้ำหนักวิ่งขึ้นสูงสุดมากกว่า 250 กรัม แต่ไม่มากกว่า 7 กิโลกรัม,HK,1,23646,import
2567,8,88062200,000,C62,มีน้ำหนักวิ่งขึ้นสูงสุดมากกว่า 250 กรัม แต่ไม่มากกว่า 7 กิโลกรัม,CN,818,21802950,import
2567,8,88062400,000,C62,มีน้ำหนักวิ่งขึ้นสูงสุดมากกว่า 25 กิโลกรัม แต่ไม่มากกว่า 150 กิโลกรัม,CN,115,18859592,import
2567,8,88062900,000,C62,อื่น ๆ,VN,10,2000593,import
2567,8,88062900,000,C62,อื่น ๆ,CN,3523,41221940,import
2567,8,88069400,000,C62,มีน้ำหนักวิ่งขึ้นสูงสุดมากกว่า 25 กิโลกรัม แต่ไม่มากกว่า 150 กิโลกรัม,CN,677,96998985,import
2567,8,88069900,000,C62,อื่น ๆ,CN,524,56925462,import
2567,8,88069900,000,C62,อื่น ๆ,US,1,1251,import
2567,9,88062100,000,C62,มีน้ำหนักวิ่งขึ้นสูงสุดไม่มากกว่า 250 กรัม,CN,293,2516331,import
2567,9,88062200,000,C62,มีน้ำหนักวิ่งขึ้นสูงสุดมากกว่า 250 กรัม แต่ไม่มากกว่า 7 กิโลกรัม,CN,1279,30994406,import
2567,9,88062200,000,C62,มีน้ำหนักวิ่งขึ้นสูงสุดมากกว่า 250 กรัม แต่ไม่มากกว่า 7 กิโลกรัม,KR,70,538533,import
2567,9,88062400,000,C62,มีน้ำหนักวิ่งขึ้นสูงสุดมากกว่า 25 กิโลกรัม แต่ไม่มากกว่า 150 กิโลกรัม,JP,1,1649662,import
2567,9,88062400,000,C62,มีน้ำหนักวิ่งขึ้นสูงสุดมากกว่า 25 กิโลกรัม แต่ไม่มากกว่า 150 กิโลกรัม,CN,131,26396816,import
2567,9,88062900,000,C62,อื่น ๆ,CN,1882,25640627,import
2567,9,88069100,000,C62,มีน้ำหนักวิ่งขึ้นสูงสุดไม่มากกว่า 250 กรัม,CN,1,3927,import
2567,9,88069400,000,C62,มีน้ำหนักวิ่งขึ้นสูงสุดมากกว่า 25 กิโลกรัม แต่ไม่มากกว่า 150 กิโลกรัม,CN,329,60197386,import
2567,9,88069900,000,C62,อื่น ๆ,AE,1,11605,import
2567,9,88069900,000,C62,อื่น ๆ,CN,20,2325125,import
2567,10,88062100,000,C62,มีน้ำหนักวิ่งขึ้นสูงสุดไม่มากกว่า 250 กรัม,GB,1,52859,import
2567,10,88062100,000,C62,มีน้ำหนักวิ่งขึ้นสูงสุดไม่มากกว่า 250 กรัม,CN,1056,7078591,import
2567,10,88062200,000,C62,มีน้ำหนักวิ่งขึ้นสูงสุดมากกว่า 250 กรัม แต่ไม่มากกว่า 7 กิโลกรัม,CN,2341,97528703,import
2567,10,88062300,000,C62,มีน้ำหนักวิ่งขึ้นสูงสุดมากกว่า 7 กิโลกรัม แต่ไม่มากกว่า 25 กิโลกรัม,ES,1,1315262,import
2567,10,88062900,000,C62,อื่น ๆ,CN,4564,61813250,import
2567,10,88069200,000,C62,มีน้ำหนักวิ่งขึ้นสูงสุดมากกว่า 250 กรัม แต่ไม่มากกว่า 7 กิโลกรัม,CH,1,295459,import
2567,10,88069400,000,C62,มีน้ำหนักวิ่งขึ้นสูงสุดมากกว่า 25 กิโลกรัม แต่ไม่มากกว่า 150 กิโลกรัม,CN,346,53613305,import
2567,10,88069900,000,C62,อื่น ๆ,CN,400,38447362,import
2567,11,88062100,000,C62,มีน้ำหนักวิ่งขึ้นสูงสุดไม่มากกว่า 250 กรัม,CN,1205,16625316,import
2567,11,88062200,000,C62,มีน้ำหนักวิ่งขึ้นสูงสุดมากกว่า 250 กรัม แต่ไม่มากกว่า 7 กิโลกรัม,KR,108,604896,import
2567,11,88062200,000,C62,มีน้ำหนักวิ่งขึ้นสูงสุดมากกว่า 250 กรัม แต่ไม่มากกว่า 7 กิโลกรัม,CN,931,63390106,import
2567,11,88062300,000,C62,มีน้ำหนักวิ่งขึ้นสูงสุดมากกว่า 7 กิโลกรัม แต่ไม่มากกว่า 25 กิโลกรัม,SG,500,416597,import
2567,11,88062300,000,C62,มีน้ำหนักวิ่งขึ้นสูงสุดมากกว่า 7 กิโลกรัม แต่ไม่มากกว่า 25 กิโลกรัม,VN,1,1601257,import
2567,11,88062300,000,C62,มีน้ำหนักวิ่งขึ้นสูงสุดมากกว่า 7 กิโลกรัม แต่ไม่มากกว่า 25 กิโลกรัม,HK,1200,274259,import
2567,11,88062400,000,C62,มีน้ำหนักวิ่งขึ้นสูงสุดมากกว่า 25 กิโลกรัม แต่ไม่มากกว่า 150 กิโลกรัม,CN,113,14583184,import
2567,11,88062400,000,C62,มีน้ำหนักวิ่งขึ้นสูงสุดมากกว่า 25 กิโลกรัม แต่ไม่มากกว่า 150 กิโลกรัม,US,1,276654,import
2567,11,88062900,000,C62,อื่น ๆ,ZA,1,4949,import
2567,11,88062900,000,C62,อื่น ๆ,CN,3447,51484477,import
2567,11,88062900,000,C62,อื่น ๆ,US,1,8113419,import
2567,11,88062900,000,C62,อื่น ๆ,MY,184,4034558,import
2567,11,88069100,000,C62,มีน้ำหนักวิ่งขึ้นสูงสุดไม่มากกว่า 250 กรัม,ES,4,13000,import
2567,11,88069200,000,C62,มีน้ำหนักวิ่งขึ้นสูงสุดมากกว่า 250 กรัม แต่ไม่มากกว่า 7 กิโลกรัม,CN,2050,17395615,import
2567,11,88069200,000,C62,มีน้ำหนักวิ่งขึ้นสูงสุดมากกว่า 250 กรัม แต่ไม่มากกว่า 7 กิโลกรัม,CH,3,4259623,import
2567,11,88069300,000,C62,มีน้ำหนักวิ่งขึ้นสูงสุดมากกว่า 7 กิโลกรัม แต่ไม่มากกว่า 25 กิโลกรัม,CN,1,719913,import
2567,11,88069400,000,C62,มีน้ำหนักวิ่งขึ้นสูงสุดมากกว่า 25 กิโลกรัม แต่ไม่มากกว่า 150 กิโลกรัม,CN,208,28920798,import
2567,11,88069900,000,C62,อื่น ๆ,CN,699,70498950,import
2567,12,88061000,000,C62,ที่ออกแบบสำหรับการขนส่งผู้โดยสาร,CN,2,15646,import
2567,12,88062100,000,C62,มีน้ำหนักวิ่งขึ้นสูงสุดไม่มากกว่า 250 กรัม,HK,1,345,import
2567,12,88062100,000,C62,มีน้ำหนักวิ่งขึ้นสูงสุดไม่มากกว่า 250 กรัม,CN,6383,58228536,import
2567,12,88062100,000,C62,มีน้ำหนักวิ่งขึ้นสูงสุดไม่มากกว่า 250 กรัม,US,1,2694,import
2567,12,88062100,000,C62,มีน้ำหนักวิ่งขึ้นสูงสุดไม่มากกว่า 250 กรัม,MY,189,3460375,import
2567,12,88062200,000,C62,มีน้ำหนักวิ่งขึ้นสูงสุดมากกว่า 250 กรัม แต่ไม่มากกว่า 7 กิโลกรัม,CN,4754,329678595,import
2567,12,88062200,000,C62,มีน้ำหนักวิ่งขึ้นสูงสุดมากกว่า 250 กรัม แต่ไม่มากกว่า 7 กิโลกรัม,US,1,23450,import
2567,12,88062300,000,C62,มีน้ำหนักวิ่งขึ้นสูงสุดมากกว่า 7 กิโลกรัม แต่ไม่มากกว่า 25 กิโลกรัม,CN,1326,990003,import
2567,12,88062300,000,C62,มีน้ำหนักวิ่งขึ้นสูงสุดมากกว่า 7 กิโลกรัม แต่ไม่มากกว่า 25 กิโลกรัม,SG,2,16116857,import
2567,12,88062400,000,C62,มีน้ำหนักวิ่งขึ้นสูงสุดมากกว่า 25 กิโลกรัม แต่ไม่มากกว่า 150 กิโลกรัม,CN,115,14972009,import
2567,12,88062900,000,C62,อื่น ๆ,CN,3382,44262059,import
2567,12,88069100,000,C62,มีน้ำหนักวิ่งขึ้นสูงสุดไม่มากกว่า 250 กรัม,CN,400,5486972,import
2567,12,88069400,000,C62,มีน้ำหนักวิ่งขึ้นสูงสุดมากกว่า 25 กิโลกรัม แต่ไม่มากกว่า 150 กิโลกรัม,CN,195,24563409,import
2567,12,88069900,000,C62,อื่น ๆ,US,1,1585,import
2567,12,88069900,000,C62,อื่น ๆ,CN,628,19948124,import
2568,1,88062100,000,C62,มีน้ำหนักวิ่งขึ้นสูงสุดไม่มากกว่า 250 กรัม,CN,719,12176583,import
2568,1,88062200,000,C62,มีน้ำหนักวิ่งขึ้นสูงสุดมากกว่า 250 กรัม แต่ไม่มากกว่า 7 กิโลกรัม,CN,2429,204693444,import
2568,1,88062400,000,C62,มีน้ำหนักวิ่งขึ้นสูงสุดมากกว่า 25 กิโลกรัม แต่ไม่มากกว่า 150 กิโลกรัม,CN,265,35865737,import
2568,1,88062900,000,C62,อื่น ๆ,HK,103,742251,import
2568,1,88062900,000,C62,อื่น ๆ,DE,1,13775,import
2568,1,88062900,000,C62,อื่น ๆ,CN,5629,83920507,import
2568,1,88069400,000,C62,มีน้ำหนักวิ่งขึ้นสูงสุดมากกว่า 25 กิโลกรัม แต่ไม่มากกว่า 150 กิโลกรัม,CN,346,56909379,import
2568,1,88069900,000,C62,อื่น ๆ,FR,1,5759,import
2568,1,88069900,000,C62,อื่น ๆ,CN,327,31987539,import
2568,1,88069900,000,C62,อื่น ๆ,US,1,21479,import
2568,2,88062100,000,C62,มีน้ำหนักวิ่งขึ้นสูงสุดไม่มากกว่า 250 กรัม,HK,1,307,import
2568,2,88062100,000,C62,มีน้ำหนักวิ่งขึ้นสูงสุดไม่มากกว่า 250 กรัม,CN,2027,29707043,import
2568,2,88062200,000,C62,มีน้ำหนักวิ่งขึ้นสูงสุดมากกว่า 250 กรัม แต่ไม่มากกว่า 7 กิโลกรัม,CN,2821,174906604,import
2568,2,88062300,000,C62,มีน้ำหนักวิ่งขึ้นสูงสุดมากกว่า 7 กิโลกรัม แต่ไม่มากกว่า 25 กิโลกรัม,CN,2,604569,import
2568,2,88062400,000,C62,มีน้ำหนักวิ่งขึ้นสูงสุดมากกว่า 25 กิโลกรัม แต่ไม่มากกว่า 150 กิโลกรัม,CN,16,2578039,import
2568,2,88062900,000,C62,อื่น ๆ,CN,3145,83281518,import
2568,2,88062900,000,C62,อื่น ๆ,US,2,4365,import
2568,2,88069100,000,C62,มีน้ำหนักวิ่งขึ้นสูงสุดไม่มากกว่า 250 กรัม,CN,120,2052902,import
2568,2,88069200,000,C62,มีน้ำหนักวิ่งขึ้นสูงสุดมากกว่า 250 กรัม แต่ไม่มากกว่า 7 กิโลกรัม,TH,408,647979,import
2568,2,88069200,000,C62,มีน้ำหนักวิ่งขึ้นสูงสุดมากกว่า 250 กรัม แต่ไม่มากกว่า 7 กิโลกรัม,CH,2,2039935,import
2568,2,88069400,000,C62,มีน้ำหนักวิ่งขึ้นสูงสุดมากกว่า 25 กิโลกรัม แต่ไม่มากกว่า 150 กิโลกรัม,CN,376,51568243,import
2568,2,88069900,000,C62,อื่น ๆ,AU,6,13989,import
2568,2,88069900,000,C62,อื่น ๆ,GB,1,7750,import
2568,2,88069900,000,C62,อื่น ๆ,CN,87,13142340,import
2568,3,88062100,000,C62,มีน้ำหนักวิ่งขึ้นสูงสุดไม่มากกว่า 250 กรัม,AU,1,40000,import
2568,3,88062100,000,C62,มีน้ำหนักวิ่งขึ้นสูงสุดไม่มากกว่า 250 กรัม,CN,2185,38352185,import
2568,3,88062200,000,C62,มีน้ำหนักวิ่งขึ้นสูงสุดมากกว่า 250 กรัม แต่ไม่มากกว่า 7 กิโลกรัม,CN,2049,2121287334,import
2568,3,88062200,000,C62,มีน้ำหนักวิ่งขึ้นสูงสุดมากกว่า 250 กรัม แต่ไม่มากกว่า 7 กิโลกรัม,CH,1,1145877,import
2568,3,88062200,000,C62,มีน้ำหนักวิ่งขึ้นสูงสุดมากกว่า 250 กรัม แต่ไม่มากกว่า 7 กิโลกรัม,US,1,20084,import
2568,3,88062400,000,C62,มีน้ำหนักวิ่งขึ้นสูงสุดมากกว่า 25 กิโลกรัม แต่ไม่มากกว่า 150 กิโลกรัม,CN,137,29571425,import
2568,3,88062400,000,C62,มีน้ำหนักวิ่งขึ้นสูงสุดมากกว่า 25 กิโลกรัม แต่ไม่มากกว่า 150 กิโลกรัม,TH,1,102877,import
2568,3,88062900,000,C62,อื่น ๆ,CN,1992,37621021,import
2568,3,88062900,000,C62,อื่น ๆ,US,1,6466013,import
2568,3,88069100,000,C62,มีน้ำหนักวิ่งขึ้นสูงสุดไม่มากกว่า 250 กรัม,NL,1,19761,import
2568,3,88069200,000,C62,มีน้ำหนักวิ่งขึ้นสูงสุดมากกว่า 250 กรัม แต่ไม่มากกว่า 7 กิโลกรัม,NL,1,37111,import
2568,3,88069300,000,C62,มีน้ำหนักวิ่งขึ้นสูงสุดมากกว่า 7 กิโลกรัม แต่ไม่มากกว่า 25 กิโลกรัม,CN,289,16777405,import
2568,3,88069400,000,C62,มีน้ำหนักวิ่งขึ้นสูงสุดมากกว่า 25 กิโลกรัม แต่ไม่มากกว่า 150 กิโลกรัม,CN,122,20745903,import
2568,3,88069900,000,C62,อื่น ๆ,CH,1,118844,import
2568,3,88069900,000,C62,อื่น ๆ,CN,405,45221555,import
2568,3,88069900,000,C62,อื่น ๆ,US,3,1139313,import
2568,4,88062100,000,C62,มีน้ำหนักวิ่งขึ้นสูงสุดไม่มากกว่า 250 กรัม,CN,1108,18070036,import
2568,4,88062200,000,C62,มีน้ำหนักวิ่งขึ้นสูงสุดมากกว่า 250 กรัม แต่ไม่มากกว่า 7 กิโลกรัม,CN,954,66300627,import
2568,4,88062300,000,C62,มีน้ำหนักวิ่งขึ้นสูงสุดมากกว่า 7 กิโลกรัม แต่ไม่มากกว่า 25 กิโลกรัม,CN,10,3829952,import
2568,4,88062400,000,C62,มีน้ำหนักวิ่งขึ้นสูงสุดมากกว่า 25 กิโลกรัม แต่ไม่มากกว่า 150 กิโลกรัม,CN,70,16079464,import
2568,4,88062900,000,C62,อื่น ๆ,CN,1771,32721878,import
2568,4,88069400,000,C62,มีน้ำหนักวิ่งขึ้นสูงสุดมากกว่า 25 กิโลกรัม แต่ไม่มากกว่า 150 กิโลกรัม,CN,8,4169741,import
2568,4,88069900,000,C62,อื่น ๆ,US,4,85027778,import
2568,4,88069900,000,C62,อื่น ๆ,CN,233,24170771,import
2568,5,88062100,000,C62,มีน้ำหนักวิ่งขึ้นสูงสุดไม่มากกว่า 250 กรัม,CN,444,6541095,import
2568,5,88062200,000,C62,มีน้ำหนักวิ่งขึ้นสูงสุดมากกว่า 250 กรัม แต่ไม่มากกว่า 7 กิโลกรัม,CN,290,24930285,import
2568,5,88062200,000,C62,มีน้ำหนักวิ่งขึ้นสูงสุดมากกว่า 250 กรัม แต่ไม่มากกว่า 7 กิโลกรัม,CA,8,2669154,import
2568,5,88062200,000,C62,มีน้ำหนักวิ่งขึ้นสูงสุดมากกว่า 250 กรัม แต่ไม่มากกว่า 7 กิโลกรัม,US,1,1991613,import
2568,5,88062900,000,C62,อื่น ๆ,CN,1689,49284465,import
2568,5,88069100,000,C62,มีน้ำหนักวิ่งขึ้นสูงสุดไม่มากกว่า 250 กรัม,CN,2,598,import
2568,5,88069300,000,C62,มีน้ำหนักวิ่งขึ้นสูงสุดมากกว่า 7 กิโลกรัม แต่ไม่มากกว่า 25 กิโลกรัม,SG,1,3467884,import
2568,5,88069300,000,C62,มีน้ำหนักวิ่งขึ้นสูงสุดมากกว่า 7 กิโลกรัม แต่ไม่มากกว่า 25 กิโลกรัม,CN,383,56325081,import
2568,5,88069900,000,C62,อื่น ๆ,CN,389,39223323,import
2568,6,88062100,000,C62,มีน้ำหนักวิ่งขึ้นสูงสุดไม่มากกว่า 250 กรัม,CN,520,7737867,import
2568,6,88062100,000,C62,มีน้ำหนักวิ่งขึ้นสูงสุดไม่มากกว่า 250 กรัม,AU,2,12148,import
2568,6,88062200,000,C62,มีน้ำหนักวิ่งขึ้นสูงสุดมากกว่า 250 กรัม แต่ไม่มากกว่า 7 กิโลกรัม,CN,1181,55009740,import
2568,6,88062400,000,C62,มีน้ำหนักวิ่งขึ้นสูงสุดมากกว่า 25 กิโลกรัม แต่ไม่มากกว่า 150 กิโลกรัม,CN,170,26267320,import
2568,6,88062900,000,C62,อื่น ๆ,ID,1,224333,import
2568,6,88062900,000,C62,อื่น ๆ,CN,2676,48420450,import
2568,6,88069100,000,C62,มีน้ำหนักวิ่งขึ้นสูงสุดไม่มากกว่า 250 กรัม,CN,1200,6137679,import
2568,6,88069200,000,C62,มีน้ำหนักวิ่งขึ้นสูงสุดมากกว่า 250 กรัม แต่ไม่มากกว่า 7 กิโลกรัม,CH,1,1085703,import
2568,6,88069300,000,C62,มีน้ำหนักวิ่งขึ้นสูงสุดมากกว่า 7 กิโลกรัม แต่ไม่มากกว่า 25 กิโลกรัม,CN,21646,444952373,import
2568,6,88069900,000,C62,อื่น ๆ,CN,278,27269472,import
2568,6,88069900,000,C62,อื่น ๆ,HK,1,275245,import
2568,7,88062100,000,C62,มีน้ำหนักวิ่งขึ้นสูงสุดไม่มากกว่า 250 กรัม,CN,547,6314090,import
2568,7,88062200,000,C62,มีน้ำหนักวิ่งขึ้นสูงสุดมากกว่า 250 กรัม แต่ไม่มากกว่า 7 กิโลกรัม,CZ,1,490097,import
2568,7,88062200,000,C62,มีน้ำหนักวิ่งขึ้นสูงสุดมากกว่า 250 กรัม แต่ไม่มากกว่า 7 กิโลกรัม,CN,129,7780059,import
2568,7,88062400,000,C62,มีน้ำหนักวิ่งขึ้นสูงสุดมากกว่า 25 กิโลกรัม แต่ไม่มากกว่า 150 กิโลกรัม,CN,432,79853012,import
2568,7,88062900,000,C62,อื่น ๆ,CN,1246,20441692,import
2568,7,88069300,000,C62,มีน้ำหนักวิ่งขึ้นสูงสุดมากกว่า 7 กิโลกรัม แต่ไม่มากกว่า 25 กิโลกรัม,CN,17335,148384786,import
2568,7,88069900,000,C62,อื่น ๆ,US,60,14239,import
2568,7,88069900,000,C62,อื่น ๆ,CN,407,43090269,import
2568,7,88069900,000,C62,อื่น ๆ,MY,1,2906,import
2568,7,88069900,000,C62,อื่น ๆ,CH,2,1002225,import
2568,8,88062100,000,C62,มีน้ำหนักวิ่งขึ้นสูงสุดไม่มากกว่า 250 กรัม,CN,12290,3689236,import
2568,8,88062200,000,C62,มีน้ำหนักวิ่งขึ้นสูงสุดมากกว่า 250 กรัม แต่ไม่มากกว่า 7 กิโลกรัม,CN,104,3767670,import
2568,8,88062300,000,C62,มีน้ำหนักวิ่งขึ้นสูงสุดมากกว่า 7 กิโลกรัม แต่ไม่มากกว่า 25 กิโลกรัม,SG,10,80694334,import
2568,8,88062400,000,C62,มีน้ำหนักวิ่งขึ้นสูงสุดมากกว่า 25 กิโลกรัม แต่ไม่มากกว่า 150 กิโลกรัม,CN,585,61563211,import
2568,8,88062900,000,C62,อื่น ๆ,CN,1595,22554874,import
2568,8,88069100,000,C62,มีน้ำหนักวิ่งขึ้นสูงสุดไม่มากกว่า 250 กรัม,CN,502,3439065,import
2568,8,88069300,000,C62,มีน้ำหนักวิ่งขึ้นสูงสุดมากกว่า 7 กิโลกรัม แต่ไม่มากกว่า 25 กิโลกรัม,CN,6206,473154556,import
2568,8,88069300,000,C62,มีน้ำหนักวิ่งขึ้นสูงสุดมากกว่า 7 กิโลกรัม แต่ไม่มากกว่า 25 กิโลกรัม,CH,1,2207144,import
2568,8,88069400,000,C62,มีน้ำหนักวิ่งขึ้นสูงสุดมากกว่า 25 กิโลกรัม แต่ไม่มากกว่า 150 กิโลกรัม,CN,573,64304898,import
2568,8,88069900,000,C62,อื่น ๆ,CN,375,64739378,import
2568,9,88061000,000,C62,ที่ออกแบบสำหรับการขนส่งผู้โดยสาร,CN,1,9991060,import
2568,9,88062100,000,C62,มีน้ำหนักวิ่งขึ้นสูงสุดไม่มากกว่า 250 กรัม,CN,1663,39618814,import
2568,9,88062200,000,C62,มีน้ำหนักวิ่งขึ้นสูงสุดมากกว่า 250 กรัม แต่ไม่มากกว่า 7 กิโลกรัม,CN,121,10594050,import
2568,9,88062400,000,C62,มีน้ำหนักวิ่งขึ้นสูงสุดมากกว่า 25 กิโลกรัม แต่ไม่มากกว่า 150 กิโลกรัม,CN,620,63252299,import
2568,9,88062900,000,C62,อื่น ๆ,CN,1374,39240831,import
2568,9,88069100,000,C62,มีน้ำหนักวิ่งขึ้นสูงสุดไม่มากกว่า 250 กรัม,US,1,9969,import
2568,9,88069100,000,C62,มีน้ำหนักวิ่งขึ้นสูงสุดไม่มากกว่า 250 กรัม,CN,300,2079695,import
2568,9,88069300,000,C62,มีน้ำหนักวิ่งขึ้นสูงสุดมากกว่า 7 กิโลกรัม แต่ไม่มากกว่า 25 กิโลกรัม,CN,3364,336320591,import
2568,9,88069400,000,C62,มีน้ำหนักวิ่งขึ้นสูงสุดมากกว่า 25 กิโลกรัม แต่ไม่มากกว่า 150 กิโลกรัม,CN,154,92358889,import
2568,9,88069900,000,C62,อื่น ๆ,CN,449,41027572,import
2568,9,88069900,000,C62,อื่น ๆ,US,1,8364,import
2568,10,88061000,000,C62,ที่ออกแบบสำหรับการขนส่งผู้โดยสาร,CN,2,216791,import
2568,10,88062100,000,C62,มีน้ำหนักวิ่งขึ้นสูงสุดไม่มากกว่า 250 กรัม,US,2,14276,import
2568,10,88062100,000,C62,มีน้ำหนักวิ่งขึ้นสูงสุดไม่มากกว่า 250 กรัม,CN,6,52779,import
2568,10,88062200,000,C62,มีน้ำหนักวิ่งขึ้นสูงสุดมากกว่า 250 กรัม แต่ไม่มากกว่า 7 กิโลกรัม,HK,1,1680,import
2568,10,88062400,000,C62,มีน้ำหนักวิ่งขึ้นสูงสุดมากกว่า 25 กิโลกรัม แต่ไม่มากกว่า 150 กิโลกรัม,CN,620,54632750,import
2568,10,88062900,000,C62,อื่น ๆ,CN,1284,12219713,import
2568,10,88062900,000,C62,อื่น ๆ,US,1,17883,import
2568,10,88069100,000,C62,มีน้ำหนักวิ่งขึ้นสูงสุดไม่มากกว่า 250 กรัม,CN,1,27280,import
2568,10,88069200,000,C62,มีน้ำหนักวิ่งขึ้นสูงสุดมากกว่า 250 กรัม แต่ไม่มากกว่า 7 กิโลกรัม,CN,1,27280,import
2568,10,88069300,000,C62,มีน้ำหนักวิ่งขึ้นสูงสุดมากกว่า 7 กิโลกรัม แต่ไม่มากกว่า 25 กิโลกรัม,CN,3506,236886366,import
2568,10,88069400,000,C62,มีน้ำหนักวิ่งขึ้นสูงสุดมากกว่า 25 กิโลกรัม แต่ไม่มากกว่า 150 กิโลกรัม,US,3,5154,import
2568,10,88069400,000,C62,มีน้ำหนักวิ่งขึ้นสูงสุดมากกว่า 25 กิโลกรัม แต่ไม่มากกว่า 150 กิโลกรัม,CN,240,24002160,import
2568,10,88069900,000,C62,อื่น ๆ,AU,1,10000,import
2568,10,88069900,000,C62,อื่น ๆ,CN,312,31606648,import
2568,11,88062100,000,C62,มีน้ำหนักวิ่งขึ้นสูงสุดไม่มากกว่า 250 กรัม,CN,24,124884,import
2568,11,88062200,000,C62,มีน้ำหนักวิ่งขึ้นสูงสุดมากกว่า 250 กรัม แต่ไม่มากกว่า 7 กิโลกรัม,CN,6358,4036872,import
2568,11,88062300,000,C62,มีน้ำหนักวิ่งขึ้นสูงสุดมากกว่า 7 กิโลกรัม แต่ไม่มากกว่า 25 กิโลกรัม,CN,360,285607,import
2568,11,88062400,000,C62,มีน้ำหนักวิ่งขึ้นสูงสุดมากกว่า 25 กิโลกรัม แต่ไม่มากกว่า 150 กิโลกรัม,CN,525,50126896,import
2568,11,88062900,000,C62,อื่น ๆ,CN,1453,24459790,import
2568,11,88062900,000,C62,อื่น ๆ,IL,2,10872792,import
2568,11,88069200,000,C62,มีน้ำหนักวิ่งขึ้นสูงสุดมากกว่า 250 กรัม แต่ไม่มากกว่า 7 กิโลกรัม,CN,1,592938,import
2568,11,88069300,000,C62,มีน้ำหนักวิ่งขึ้นสูงสุดมากกว่า 7 กิโลกรัม แต่ไม่มากกว่า 25 กิโลกรัม,CN,30,295673,import
2568,11,88069300,000,C62,มีน้ำหนักวิ่งขึ้นสูงสุดมากกว่า 7 กิโลกรัม แต่ไม่มากกว่า 25 กิโลกรัม,IL,9,153653,import
2568,11,88069400,000,C62,มีน้ำหนักวิ่งขึ้นสูงสุดมากกว่า 25 กิโลกรัม แต่ไม่มากกว่า 150 กิโลกรัม,CN,500,62278286,import
2568,11,88069900,000,C62,อื่น ๆ,CN,627,15020717,import
2568,12,88062100,000,C62,มีน้ำหนักวิ่งขึ้นสูงสุดไม่มากกว่า 250 กรัม,US,3,27390,import
2568,12,88062100,000,C62,มีน้ำหนักวิ่งขึ้นสูงสุดไม่มากกว่า 250 กรัม,CN,162,1366977,import
2568,12,88062200,000,C62,มีน้ำหนักวิ่งขึ้นสูงสุดมากกว่า 250 กรัม แต่ไม่มากกว่า 7 กิโลกรัม,US,1,2227,import
2568,12,88062200,000,C62,มีน้ำหนักวิ่งขึ้นสูงสุดมากกว่า 250 กรัม แต่ไม่มากกว่า 7 กิโลกรัม,VN,1980,87149958,import
2568,12,88062200,000,C62,มีน้ำหนักวิ่งขึ้นสูงสุดมากกว่า 250 กรัม แต่ไม่มากกว่า 7 กิโลกรัม,CN,7074,182988626,import
2568,12,88062200,000,C62,มีน้ำหนักวิ่งขึ้นสูงสุดมากกว่า 250 กรัม แต่ไม่มากกว่า 7 กิโลกรัม,JP,1,3100,import
2568,12,88062300,000,C62,มีน้ำหนักวิ่งขึ้นสูงสุดมากกว่า 7 กิโลกรัม แต่ไม่มากกว่า 25 กิโลกรัม,CN,430,1103118,import
2568,12,88062300,000,C62,มีน้ำหนักวิ่งขึ้นสูงสุดมากกว่า 7 กิโลกรัม แต่ไม่มากกว่า 25 กิโลกรัม,VN,37,628692,import
2568,12,88062400,000,C62,มีน้ำหนักวิ่งขึ้นสูงสุดมากกว่า 25 กิโลกรัม แต่ไม่มากกว่า 150 กิโลกรัม,CN,386,35043213,import
2568,12,88062900,000,C62,อื่น ๆ,CN,2138,27032115,import
2568,12,88069200,000,C62,มีน้ำหนักวิ่งขึ้นสูงสุดมากกว่า 250 กรัม แต่ไม่มากกว่า 7 กิโลกรัม,CN,350,1231959,import
2568,12,88069200,000,C62,มีน้ำหนักวิ่งขึ้นสูงสุดมากกว่า 250 กรัม แต่ไม่มากกว่า 7 กิโลกรัม,CH,4,1721357,import
2568,12,88069400,000,C62,มีน้ำหนักวิ่งขึ้นสูงสุดมากกว่า 25 กิโลกรัม แต่ไม่มากกว่า 150 กิโลกรัม,CN,140,18815672,import
2568,12,88069900,000,C62,อื่น ๆ,CN,197,29028950,import
2568,12,88069900,000,C62,อื่น ๆ,GB,6,10470250,import
2568,12,88069900,000,C62,อื่น ๆ,TW,1,11356,import
2568,12,88069900,000,C62,อื่น ๆ,IE,2,9345,import
2569,1,88062100,000,C62,มีน้ำหนักวิ่งขึ้นสูงสุดไม่มากกว่า 250 กรัม,US,1,5092,import
2569,1,88062100,000,C62,มีน้ำหนักวิ่งขึ้นสูงสุดไม่มากกว่า 250 กรัม,CN,434,2255867,import
2569,1,88062200,000,C62,มีน้ำหนักวิ่งขึ้นสูงสุดมากกว่า 250 กรัม แต่ไม่มากกว่า 7 กิโลกรัม,CN,619,10365026,import
2569,1,88062200,000,C62,มีน้ำหนักวิ่งขึ้นสูงสุดมากกว่า 250 กรัม แต่ไม่มากกว่า 7 กิโลกรัม,CZ,1,499282,import
2569,1,88062300,000,C62,มีน้ำหนักวิ่งขึ้นสูงสุดมากกว่า 7 กิโลกรัม แต่ไม่มากกว่า 25 กิโลกรัม,CN,15,2221963,import
2569,1,88062300,000,C62,มีน้ำหนักวิ่งขึ้นสูงสุดมากกว่า 7 กิโลกรัม แต่ไม่มากกว่า 25 กิโลกรัม,MY,1,162304,import
2569,1,88062400,000,C62,มีน้ำหนักวิ่งขึ้นสูงสุดมากกว่า 25 กิโลกรัม แต่ไม่มากกว่า 150 กิโลกรัม,CN,462,39566319,import
2569,1,88062900,000,C62,อื่น ๆ,CN,1186,22640274,import
2569,1,88062900,000,C62,อื่น ๆ,KR,1,15214,import
2569,1,88062900,000,C62,อื่น ๆ,US,2,72998,import
2569,1,88069200,000,C62,มีน้ำหนักวิ่งขึ้นสูงสุดมากกว่า 250 กรัม แต่ไม่มากกว่า 7 กิโลกรัม,CH,4,2598257,import
2569,1,88069400,000,C62,มีน้ำหนักวิ่งขึ้นสูงสุดมากกว่า 25 กิโลกรัม แต่ไม่มากกว่า 150 กิโลกรัม,CN,41,2098888,import
2569,1,88069900,000,C62,อื่น ๆ,US,3,11383,import
2569,1,88069900,000,C62,อื่น ๆ,AU,2,45018,import
2569,1,88069900,000,C62,อื่น ๆ,CH,4,2459907,import
2569,1,88069900,000,C62,อื่น ๆ,CN,22,1405815,import
2569,1,88069900,000,C62,อื่น ๆ,ES,3,5147762,import
2569,2,88062100,000,C62,มีน้ำหนักวิ่งขึ้นสูงสุดไม่มากกว่า 250 กรัม,US,4,30874,import
2569,2,88062100,000,C62,มีน้ำหนักวิ่งขึ้นสูงสุดไม่มากกว่า 250 กรัม,KR,1,1716,import
2569,2,88062200,000,C62,มีน้ำหนักวิ่งขึ้นสูงสุดมากกว่า 250 กรัม แต่ไม่มากกว่า 7 กิโลกรัม,US,1,2743,import
2569,2,88062200,000,C62,มีน้ำหนักวิ่งขึ้นสูงสุดมากกว่า 250 กรัม แต่ไม่มากกว่า 7 กิโลกรัม,KR,1,468600,import
2569,2,88062200,000,C62,มีน้ำหนักวิ่งขึ้นสูงสุดมากกว่า 250 กรัม แต่ไม่มากกว่า 7 กิโลกรัม,CN,137,12922682,import
2569,2,88062300,000,C62,มีน้ำหนักวิ่งขึ้นสูงสุดมากกว่า 7 กิโลกรัม แต่ไม่มากกว่า 25 กิโลกรัม,CN,22,2444092,import
2569,2,88062400,000,C62,มีน้ำหนักวิ่งขึ้นสูงสุดมากกว่า 25 กิโลกรัม แต่ไม่มากกว่า 150 กิโลกรัม,CN,265,39189127,import
2569,2,88062900,000,C62,อื่น ๆ,CN,806,16792978,import
2569,2,88062900,000,C62,อื่น ๆ,US,1,5297,import
2569,2,88062900,000,C62,อื่น ๆ,PH,1,32137,import
2569,2,88069200,000,C62,มีน้ำหนักวิ่งขึ้นสูงสุดมากกว่า 250 กรัม แต่ไม่มากกว่า 7 กิโลกรัม,CN,157,5996701,import
2569,2,88069200,000,C62,มีน้ำหนักวิ่งขึ้นสูงสุดมากกว่า 250 กรัม แต่ไม่มากกว่า 7 กิโลกรัม,TH,590,40707585,import
2569,2,88069400,000,C62,มีน้ำหนักวิ่งขึ้นสูงสุดมากกว่า 25 กิโลกรัม แต่ไม่มากกว่า 150 กิโลกรัม,CN,30,1202880,import
2569,2,88069900,000,C62,อื่น ๆ,CN,233,34392081,import
2569,2,88069900,000,C62,อื่น ๆ,CH,2,399944,import
2569,2,88069900,000,C62,อื่น ๆ,JP,1,3616,import
2569,3,88062100,000,C62,มีน้ำหนักวิ่งขึ้นสูงสุดไม่มากกว่า 250 กรัม,CN,272,4331026,import
2569,3,88062200,000,C62,มีน้ำหนักวิ่งขึ้นสูงสุดมากกว่า 250 กรัม แต่ไม่มากกว่า 7 กิโลกรัม,CN,525,21951921,import
2569,3,88062400,000,C62,มีน้ำหนักวิ่งขึ้นสูงสุดมากกว่า 25 กิโลกรัม แต่ไม่มากกว่า 150 กิโลกรัม,CN,290,20142672,import
2569,3,88062900,000,C62,อื่น ๆ,FR,1,721056,import
2569,3,88062900,000,C62,อื่น ๆ,CN,1745,35694129,import
2569,3,88069100,000,C62,มีน้ำหนักวิ่งขึ้นสูงสุดไม่มากกว่า 250 กรัม,HK,1,3515,import
2569,3,88069400,000,C62,มีน้ำหนักวิ่งขึ้นสูงสุดมากกว่า 25 กิโลกรัม แต่ไม่มากกว่า 150 กิโลกรัม,CN,1,9493081,import
2569,3,88069900,000,C62,อื่น ๆ,CH,1,44846,import
2569,3,88069900,000,C62,อื่น ๆ,JP,1,6677,import
2569,3,88069900,000,C62,อื่น ๆ,CN,22,1998761,import
2569,4,88062100,000,C62,มีน้ำหนักวิ่งขึ้นสูงสุดไม่มากกว่า 250 กรัม,CN,1107,10400230,import
2569,4,88062100,000,C62,มีน้ำหนักวิ่งขึ้นสูงสุดไม่มากกว่า 250 กรัม,TH,1,831,import
2569,4,88062200,000,C62,มีน้ำหนักวิ่งขึ้นสูงสุดมากกว่า 250 กรัม แต่ไม่มากกว่า 7 กิโลกรัม,CN,409,10558443,import
2569,4,88062300,000,C62,มีน้ำหนักวิ่งขึ้นสูงสุดมากกว่า 7 กิโลกรัม แต่ไม่มากกว่า 25 กิโลกรัม,CN,13,1755807,import
2569,4,88062300,000,C62,มีน้ำหนักวิ่งขึ้นสูงสุดมากกว่า 7 กิโลกรัม แต่ไม่มากกว่า 25 กิโลกรัม,SG,22500,579510,import
2569,4,88062400,000,C62,มีน้ำหนักวิ่งขึ้นสูงสุดมากกว่า 25 กิโลกรัม แต่ไม่มากกว่า 150 กิโลกรัม,CN,451,30154804,import
2569,4,88062900,000,C62,อื่น ๆ,KR,10,18407,import
2569,4,88062900,000,C62,อื่น ๆ,US,1,5949484,import
2569,4,88062900,000,C62,อื่น ๆ,CN,2245,40971898,import
2569,4,88069200,000,C62,มีน้ำหนักวิ่งขึ้นสูงสุดมากกว่า 250 กรัม แต่ไม่มากกว่า 7 กิโลกรัม,CH,1,105618,import
2569,4,88069400,000,C62,มีน้ำหนักวิ่งขึ้นสูงสุดมากกว่า 25 กิโลกรัม แต่ไม่มากกว่า 150 กิโลกรัม,CN,43,5004549,import
2569,4,88069900,000,C62,อื่น ๆ,ID,1,34632,import
2569,4,88069900,000,C62,อื่น ๆ,CN,12,2820331,import
2569,5,88062100,000,C62,มีน้ำหนักวิ่งขึ้นสูงสุดไม่มากกว่า 250 กรัม,KR,1,4173,import
2569,5,88062200,000,C62,มีน้ำหนักวิ่งขึ้นสูงสุดมากกว่า 250 กรัม แต่ไม่มากกว่า 7 กิโลกรัม,CN,821,51238795,import
2569,5,88062400,000,C62,มีน้ำหนักวิ่งขึ้นสูงสุดมากกว่า 25 กิโลกรัม แต่ไม่มากกว่า 150 กิโลกรัม,CN,337,30027136,import
2569,5,88062900,000,C62,อื่น ๆ,CN,2027,36109851,import
2569,5,88062900,000,C62,อื่น ๆ,AU,1,3503745,import
2569,5,88062900,000,C62,อื่น ๆ,LV,12,9624274,import
2569,5,88069300,000,C62,มีน้ำหนักวิ่งขึ้นสูงสุดมากกว่า 7 กิโลกรัม แต่ไม่มากกว่า 25 กิโลกรัม,SI,4,26372909,import
2569,5,88069400,000,C62,มีน้ำหนักวิ่งขึ้นสูงสุดมากกว่า 25 กิโลกรัม แต่ไม่มากกว่า 150 กิโลกรัม,CN,84,9680832,import
2569,5,88069900,000,C62,อื่น ๆ,CN,127,14169207,import
2565,1,88062100,000,C62,มีน้ำหนักวิ่งขึ้นสูงสุดไม่มากกว่า 250 กรัม,LA,3,106071,export
2565,2,88069900,000,C62,อื่น ๆ,KH,30,293500,export
2565,5,88069900,000,C62,อื่น ๆ,FR,1,3349,export
2565,5,88069900,000,C62,อื่น ๆ,JP,4,14612,export
2565,6,88062300,000,C62,มีน้ำหนักวิ่งขึ้นสูงสุดมากกว่า 7 กิโลกรัม แต่ไม่มากกว่า 25 กิโลกรัม,KH,1,102506,export
2565,6,88069400,000,C62,มีน้ำหนักวิ่งขึ้นสูงสุดมากกว่า 25 กิโลกรัม แต่ไม่มากกว่า 150 กิโลกรัม,SG,50,7354834,export
2565,6,88069900,000,C62,อื่น ๆ,US,1,8667,export
2565,7,88069400,000,C62,มีน้ำหนักวิ่งขึ้นสูงสุดมากกว่า 25 กิโลกรัม แต่ไม่มากกว่า 150 กิโลกรัม,SG,60,8551540,export
2565,7,88069900,000,C62,อื่น ๆ,ID,1,125651,export
2565,8,88069900,000,C62,อื่น ๆ,US,1,2526729,export
2565,9,88069900,000,C62,อื่น ๆ,SG,1,17825,export
2565,10,88062400,000,C62,มีน้ำหนักวิ่งขึ้นสูงสุดมากกว่า 25 กิโลกรัม แต่ไม่มากกว่า 150 กิโลกรัม,KH,15,5351626,export
2565,10,88062400,000,C62,มีน้ำหนักวิ่งขึ้นสูงสุดมากกว่า 25 กิโลกรัม แต่ไม่มากกว่า 150 กิโลกรัม,LA,1,470090,export
2565,10,88069900,000,C62,อื่น ๆ,LA,2,900000,export
2565,10,88069900,000,C62,อื่น ๆ,SG,1,5181,export
2565,11,88062400,000,C62,มีน้ำหนักวิ่งขึ้นสูงสุดมากกว่า 25 กิโลกรัม แต่ไม่มากกว่า 150 กิโลกรัม,LA,2,378000,export
2565,11,88062400,000,C62,มีน้ำหนักวิ่งขึ้นสูงสุดมากกว่า 25 กิโลกรัม แต่ไม่มากกว่า 150 กิโลกรัม,KH,8,3158594,export
2565,11,88069300,000,C62,มีน้ำหนักวิ่งขึ้นสูงสุดมากกว่า 7 กิโลกรัม แต่ไม่มากกว่า 25 กิโลกรัม,SG,1,45519,export
2565,11,88069900,000,C62,อื่น ๆ,LA,1,167290,export
2565,11,88069900,000,C62,อื่น ๆ,SG,1,5296,export
2565,12,88062400,000,C62,มีน้ำหนักวิ่งขึ้นสูงสุดมากกว่า 25 กิโลกรัม แต่ไม่มากกว่า 150 กิโลกรัม,KH,10,3988702,export
2565,12,88069900,000,C62,อื่น ๆ,US,10,60000,export
2566,1,88062400,000,C62,มีน้ำหนักวิ่งขึ้นสูงสุดมากกว่า 25 กิโลกรัม แต่ไม่มากกว่า 150 กิโลกรัม,KH,1,465090,export
2566,1,88069300,000,C62,มีน้ำหนักวิ่งขึ้นสูงสุดมากกว่า 7 กิโลกรัม แต่ไม่มากกว่า 25 กิโลกรัม,KH,6,1882864,export
2566,1,88069900,000,C62,อื่น ๆ,KR,1,346,export
2566,2,88062400,000,C62,มีน้ำหนักวิ่งขึ้นสูงสุดมากกว่า 25 กิโลกรัม แต่ไม่มากกว่า 150 กิโลกรัม,LA,1,294319,export
2566,2,88069300,000,C62,มีน้ำหนักวิ่งขึ้นสูงสุดมากกว่า 7 กิโลกรัม แต่ไม่มากกว่า 25 กิโลกรัม,KH,12,1782268,export
2566,2,88069900,000,C62,อื่น ๆ,LA,1,470000,export
2566,2,88069900,000,C62,อื่น ๆ,HK,1,8157,export
2566,2,88069900,000,C62,อื่น ๆ,FR,1,16315,export
2566,3,88062400,000,C62,มีน้ำหนักวิ่งขึ้นสูงสุดมากกว่า 25 กิโลกรัม แต่ไม่มากกว่า 150 กิโลกรัม,LA,1,294319,export
2566,3,88069300,000,C62,มีน้ำหนักวิ่งขึ้นสูงสุดมากกว่า 7 กิโลกรัม แต่ไม่มากกว่า 25 กิโลกรัม,KH,10,1685450,export
2566,3,88069900,000,C62,อื่น ๆ,LA,1,470000,export
2566,4,88062200,000,C62,มีน้ำหนักวิ่งขึ้นสูงสุดมากกว่า 250 กรัม แต่ไม่มากกว่า 7 กิโลกรัม,RU,2687,200769469,export
2566,4,88062400,000,C62,มีน้ำหนักวิ่งขึ้นสูงสุดมากกว่า 25 กิโลกรัม แต่ไม่มากกว่า 150 กิโลกรัม,LA,1,318424,export
2566,4,88069300,000,C62,มีน้ำหนักวิ่งขึ้นสูงสุดมากกว่า 7 กิโลกรัม แต่ไม่มากกว่า 25 กิโลกรัม,KH,12,2129540,export
2566,5,88061000,000,C62,ที่ออกแบบสำหรับการขนส่งผู้โดยสาร,IR,1,6277,export
2566,5,88062200,000,C62,มีน้ำหนักวิ่งขึ้นสูงสุดมากกว่า 250 กรัม แต่ไม่มากกว่า 7 กิโลกรัม,RU,688,51640097,export
2566,5,88069300,000,C62,มีน้ำหนักวิ่งขึ้นสูงสุดมากกว่า 7 กิโลกรัม แต่ไม่มากกว่า 25 กิโลกรัม,KH,10,1618633,export
2566,5,88069900,000,C62,อื่น ๆ,JP,2,68234,export
2566,5,88069900,000,C62,อื่น ๆ,KR,1,5118,export
2566,5,88069900,000,C62,อื่น ๆ,US,1,68,export
2566,6,88062200,000,C62,มีน้ำหนักวิ่งขึ้นสูงสุดมากกว่า 250 กรัม แต่ไม่มากกว่า 7 กิโลกรัม,UA,50,6582538,export
2566,6,88062200,000,C62,มีน้ำหนักวิ่งขึ้นสูงสุดมากกว่า 250 กรัม แต่ไม่มากกว่า 7 กิโลกรัม,IR,112,258553,export
2566,6,88062200,000,C62,มีน้ำหนักวิ่งขึ้นสูงสุดมากกว่า 250 กรัม แต่ไม่มากกว่า 7 กิโลกรัม,RU,1008,98200928,export
2566,6,88069300,000,C62,มีน้ำหนักวิ่งขึ้นสูงสุดมากกว่า 7 กิโลกรัม แต่ไม่มากกว่า 25 กิโลกรัม,LA,1,233639,export
2566,6,88069300,000,C62,มีน้ำหนักวิ่งขึ้นสูงสุดมากกว่า 7 กิโลกรัม แต่ไม่มากกว่า 25 กิโลกรัม,KH,7,1562394,export
2566,6,88069900,000,C62,อื่น ๆ,CH,20,3000000,export
2566,6,88069900,000,C62,อื่น ๆ,MM,1,239365,export
2566,7,88062200,000,C62,มีน้ำหนักวิ่งขึ้นสูงสุดมากกว่า 250 กรัม แต่ไม่มากกว่า 7 กิโลกรัม,HK,20,2748007,export
2566,7,88062200,000,C62,มีน้ำหนักวิ่งขึ้นสูงสุดมากกว่า 250 กรัม แต่ไม่มากกว่า 7 กิโลกรัม,CA,1,172614,export
2566,7,88062200,000,C62,มีน้ำหนักวิ่งขึ้นสูงสุดมากกว่า 250 กรัม แต่ไม่มากกว่า 7 กิโลกรัม,IR,818,2840455,export
2566,7,88062200,000,C62,มีน้ำหนักวิ่งขึ้นสูงสุดมากกว่า 250 กรัม แต่ไม่มากกว่า 7 กิโลกรัม,CZ,20,2748007,export
2566,7,88062200,000,C62,มีน้ำหนักวิ่งขึ้นสูงสุดมากกว่า 250 กรัม แต่ไม่มากกว่า 7 กิโลกรัม,RU,1045,106568641,export
2566,7,88062200,000,C62,มีน้ำหนักวิ่งขึ้นสูงสุดมากกว่า 250 กรัม แต่ไม่มากกว่า 7 กิโลกรัม,LT,50,6919785,export
2566,7,88069300,000,C62,มีน้ำหนักวิ่งขึ้นสูงสุดมากกว่า 7 กิโลกรัม แต่ไม่มากกว่า 25 กิโลกรัม,KH,5,1446974,export
2566,7,88069400,000,C62,มีน้ำหนักวิ่งขึ้นสูงสุดมากกว่า 25 กิโลกรัม แต่ไม่มากกว่า 150 กิโลกรัม,IN,2,314157,export
2566,8,88062200,000,C62,มีน้ำหนักวิ่งขึ้นสูงสุดมากกว่า 250 กรัม แต่ไม่มากกว่า 7 กิโลกรัม,CZ,15,1900991,export
2566,8,88062200,000,C62,มีน้ำหนักวิ่งขึ้นสูงสุดมากกว่า 250 กรัม แต่ไม่มากกว่า 7 กิโลกรัม,RU,1116,94356551,export
2566,8,88062200,000,C62,มีน้ำหนักวิ่งขึ้นสูงสุดมากกว่า 250 กรัม แต่ไม่มากกว่า 7 กิโลกรัม,HK,20,3040906,export
2566,8,88062200,000,C62,มีน้ำหนักวิ่งขึ้นสูงสุดมากกว่า 250 กรัม แต่ไม่มากกว่า 7 กิโลกรัม,LT,50,7001182,export
2566,8,88062900,000,C62,อื่น ๆ,LA,1,25500,export
2566,8,88069400,000,C62,มีน้ำหนักวิ่งขึ้นสูงสุดมากกว่า 25 กิโลกรัม แต่ไม่มากกว่า 150 กิโลกรัม,KH,1,320561,export
2566,8,88069900,000,C62,อื่น ๆ,KR,1,1529,export
2566,9,88062200,000,C62,มีน้ำหนักวิ่งขึ้นสูงสุดมากกว่า 250 กรัม แต่ไม่มากกว่า 7 กิโลกรัม,RU,2634,236092517,export
2566,9,88062200,000,C62,มีน้ำหนักวิ่งขึ้นสูงสุดมากกว่า 250 กรัม แต่ไม่มากกว่า 7 กิโลกรัม,CZ,31,3743652,export
2566,9,88062200,000,C62,มีน้ำหนักวิ่งขึ้นสูงสุดมากกว่า 250 กรัม แต่ไม่มากกว่า 7 กิโลกรัม,PL,36,3750523,export
2566,9,88062200,000,C62,มีน้ำหนักวิ่งขึ้นสูงสุดมากกว่า 250 กรัม แต่ไม่มากกว่า 7 กิโลกรัม,LT,52,7908074,export
2566,9,88062200,000,C62,มีน้ำหนักวิ่งขึ้นสูงสุดมากกว่า 250 กรัม แต่ไม่มากกว่า 7 กิโลกรัม,HK,30,4873378,export
2566,9,88062900,000,C62,อื่น ๆ,MM,3,473002,export
2566,9,88069400,000,C62,มีน้ำหนักวิ่งขึ้นสูงสุดมากกว่า 25 กิโลกรัม แต่ไม่มากกว่า 150 กิโลกรัม,US,15,11929678,export
2566,9,88069400,000,C62,มีน้ำหนักวิ่งขึ้นสูงสุดมากกว่า 25 กิโลกรัม แต่ไม่มากกว่า 150 กิโลกรัม,KH,4,1295287,export
2566,10,88062200,000,C62,มีน้ำหนักวิ่งขึ้นสูงสุดมากกว่า 250 กรัม แต่ไม่มากกว่า 7 กิโลกรัม,RU,4016,361583990,export
2566,10,88062200,000,C62,มีน้ำหนักวิ่งขึ้นสูงสุดมากกว่า 250 กรัม แต่ไม่มากกว่า 7 กิโลกรัม,PL,67,8332003,export
2566,10,88062300,000,C62,มีน้ำหนักวิ่งขึ้นสูงสุดมากกว่า 7 กิโลกรัม แต่ไม่มากกว่า 25 กิโลกรัม,JP,1,1817870,export
2566,10,88069400,000,C62,มีน้ำหนักวิ่งขึ้นสูงสุดมากกว่า 25 กิโลกรัม แต่ไม่มากกว่า 150 กิโลกรัม,US,4,3254299,export
2566,10,88069400,000,C62,มีน้ำหนักวิ่งขึ้นสูงสุดมากกว่า 25 กิโลกรัม แต่ไม่มากกว่า 150 กิโลกรัม,IN,3,856395,export
2566,10,88069400,000,C62,มีน้ำหนักวิ่งขึ้นสูงสุดมากกว่า 25 กิโลกรัม แต่ไม่มากกว่า 150 กิโลกรัม,KH,3,1105943,export
2566,10,88069900,000,C62,อื่น ๆ,LA,3,4041672,export
2566,11,88062200,000,C62,มีน้ำหนักวิ่งขึ้นสูงสุดมากกว่า 250 กรัม แต่ไม่มากกว่า 7 กิโลกรัม,RU,1400,143966124,export
2566,11,88062200,000,C62,มีน้ำหนักวิ่งขึ้นสูงสุดมากกว่า 250 กรัม แต่ไม่มากกว่า 7 กิโลกรัม,PL,30,2869505,export
2566,11,88062200,000,C62,มีน้ำหนักวิ่งขึ้นสูงสุดมากกว่า 250 กรัม แต่ไม่มากกว่า 7 กิโลกรัม,LT,101,15960150,export
2566,11,88062200,000,C62,มีน้ำหนักวิ่งขึ้นสูงสุดมากกว่า 250 กรัม แต่ไม่มากกว่า 7 กิโลกรัม,MM,1,69278,export
2566,11,88062200,000,C62,มีน้ำหนักวิ่งขึ้นสูงสุดมากกว่า 250 กรัม แต่ไม่มากกว่า 7 กิโลกรัม,QA,1,2527,export
2566,11,88062300,000,C62,มีน้ำหนักวิ่งขึ้นสูงสุดมากกว่า 7 กิโลกรัม แต่ไม่มากกว่า 25 กิโลกรัม,JP,2,3440777,export
2566,11,88062900,000,C62,อื่น ๆ,PH,25,2977427,export
2566,11,88062900,000,C62,อื่น ๆ,SG,1,36000,export
2566,11,88062900,000,C62,อื่น ๆ,LA,2,5844860,export
2566,11,88069400,000,C62,มีน้ำหนักวิ่งขึ้นสูงสุดมากกว่า 25 กิโลกรัม แต่ไม่มากกว่า 150 กิโลกรัม,KH,3,905658,export
2566,11,88069400,000,C62,มีน้ำหนักวิ่งขึ้นสูงสุดมากกว่า 25 กิโลกรัม แต่ไม่มากกว่า 150 กิโลกรัม,LA,1,407000,export
2566,12,88062200,000,C62,มีน้ำหนักวิ่งขึ้นสูงสุดมากกว่า 250 กรัม แต่ไม่มากกว่า 7 กิโลกรัม,LT,26,3970041,export
2566,12,88062200,000,C62,มีน้ำหนักวิ่งขึ้นสูงสุดมากกว่า 250 กรัม แต่ไม่มากกว่า 7 กิโลกรัม,PL,34,3175747,export
2566,12,88062200,000,C62,มีน้ำหนักวิ่งขึ้นสูงสุดมากกว่า 250 กรัม แต่ไม่มากกว่า 7 กิโลกรัม,KR,1,128911,export
2566,12,88069400,000,C62,มีน้ำหนักวิ่งขึ้นสูงสุดมากกว่า 25 กิโลกรัม แต่ไม่มากกว่า 150 กิโลกรัม,US,14,12067489,export
2566,12,88069400,000,C62,มีน้ำหนักวิ่งขึ้นสูงสุดมากกว่า 25 กิโลกรัม แต่ไม่มากกว่า 150 กิโลกรัม,KH,1,401543,export
2566,12,88069900,000,C62,อื่น ๆ,US,20,1206,export
2567,1,88062200,000,C62,มีน้ำหนักวิ่งขึ้นสูงสุดมากกว่า 250 กรัม แต่ไม่มากกว่า 7 กิโลกรัม,LT,62,9356420,export
2567,1,88062200,000,C62,มีน้ำหนักวิ่งขึ้นสูงสุดมากกว่า 250 กรัม แต่ไม่มากกว่า 7 กิโลกรัม,MM,3,10392,export
2567,1,88062300,000,C62,มีน้ำหนักวิ่งขึ้นสูงสุดมากกว่า 7 กิโลกรัม แต่ไม่มากกว่า 25 กิโลกรัม,KH,3,1702460,export
2567,1,88062300,000,C62,มีน้ำหนักวิ่งขึ้นสูงสุดมากกว่า 7 กิโลกรัม แต่ไม่มากกว่า 25 กิโลกรัม,JP,1,1853104,export
2567,1,88069900,000,C62,อื่น ๆ,AT,2,1056371,export
2567,2,88062200,000,C62,มีน้ำหนักวิ่งขึ้นสูงสุดมากกว่า 250 กรัม แต่ไม่มากกว่า 7 กิโลกรัม,LT,150,22412462,export
2567,2,88062200,000,C62,มีน้ำหนักวิ่งขึ้นสูงสุดมากกว่า 250 กรัม แต่ไม่มากกว่า 7 กิโลกรัม,RU,2080,73571056,export
2567,2,88069400,000,C62,มีน้ำหนักวิ่งขึ้นสูงสุดมากกว่า 25 กิโลกรัม แต่ไม่มากกว่า 150 กิโลกรัม,US,18,15209401,export
2567,2,88069400,000,C62,มีน้ำหนักวิ่งขึ้นสูงสุดมากกว่า 25 กิโลกรัม แต่ไม่มากกว่า 150 กิโลกรัม,KH,2,453591,export
2567,3,88062200,000,C62,มีน้ำหนักวิ่งขึ้นสูงสุดมากกว่า 250 กรัม แต่ไม่มากกว่า 7 กิโลกรัม,RU,3000,107244000,export
2567,3,88062200,000,C62,มีน้ำหนักวิ่งขึ้นสูงสุดมากกว่า 250 กรัม แต่ไม่มากกว่า 7 กิโลกรัม,IN,5,53622,export
2567,3,88062300,000,C62,มีน้ำหนักวิ่งขึ้นสูงสุดมากกว่า 7 กิโลกรัม แต่ไม่มากกว่า 25 กิโลกรัม,PH,2,600852,export
2567,3,88062400,000,C62,มีน้ำหนักวิ่งขึ้นสูงสุดมากกว่า 25 กิโลกรัม แต่ไม่มากกว่า 150 กิโลกรัม,PH,1,423578,export
2567,3,88069200,000,C62,มีน้ำหนักวิ่งขึ้นสูงสุดมากกว่า 250 กรัม แต่ไม่มากกว่า 7 กิโลกรัม,KH,462,20055000,export
2567,3,88069300,000,C62,มีน้ำหนักวิ่งขึ้นสูงสุดมากกว่า 7 กิโลกรัม แต่ไม่มากกว่า 25 กิโลกรัม,MM,1,10000,export
2567,3,88069400,000,C62,มีน้ำหนักวิ่งขึ้นสูงสุดมากกว่า 25 กิโลกรัม แต่ไม่มากกว่า 150 กิโลกรัม,KH,2,453000,export
2567,3,88069400,000,C62,มีน้ำหนักวิ่งขึ้นสูงสุดมากกว่า 25 กิโลกรัม แต่ไม่มากกว่า 150 กิโลกรัม,US,10,8651016,export
2567,3,88069900,000,C62,อื่น ๆ,US,1,71496,export
2567,4,88062200,000,C62,มีน้ำหนักวิ่งขึ้นสูงสุดมากกว่า 250 กรัม แต่ไม่มากกว่า 7 กิโลกรัม,RU,2300,82403710,export
2567,4,88062200,000,C62,มีน้ำหนักวิ่งขึ้นสูงสุดมากกว่า 250 กรัม แต่ไม่มากกว่า 7 กิโลกรัม,LT,100,15125799,export
2567,4,88062900,000,C62,อื่น ๆ,HK,1,160000,export
2567,4,88069300,000,C62,มีน้ำหนักวิ่งขึ้นสูงสุดมากกว่า 7 กิโลกรัม แต่ไม่มากกว่า 25 กิโลกรัม,SG,1,424954,export
2567,4,88069400,000,C62,มีน้ำหนักวิ่งขึ้นสูงสุดมากกว่า 25 กิโลกรัม แต่ไม่มากกว่า 150 กิโลกรัม,SG,1,2280168,export
2567,4,88069400,000,C62,มีน้ำหนักวิ่งขึ้นสูงสุดมากกว่า 25 กิโลกรัม แต่ไม่มากกว่า 150 กิโลกรัม,US,6,4503973,export
2567,4,88069400,000,C62,มีน้ำหนักวิ่งขึ้นสูงสุดมากกว่า 25 กิโลกรัม แต่ไม่มากกว่า 150 กิโลกรัม,KH,1,220600,export
2567,4,88069900,000,C62,อื่น ๆ,HK,1,2950742,export
2567,5,88062200,000,C62,มีน้ำหนักวิ่งขึ้นสูงสุดมากกว่า 250 กรัม แต่ไม่มากกว่า 7 กิโลกรัม,FR,1,58194,export
2567,5,88062200,000,C62,มีน้ำหนักวิ่งขึ้นสูงสุดมากกว่า 250 กรัม แต่ไม่มากกว่า 7 กิโลกรัม,LT,210,27711912,export
2567,5,88062200,000,C62,มีน้ำหนักวิ่งขึ้นสูงสุดมากกว่า 250 กรัม แต่ไม่มากกว่า 7 กิโลกรัม,RU,2882,105545757,export
2567,5,88069400,000,C62,มีน้ำหนักวิ่งขึ้นสูงสุดมากกว่า 25 กิโลกรัม แต่ไม่มากกว่า 150 กิโลกรัม,US,14,12100041,export
2567,5,88069400,000,C62,มีน้ำหนักวิ่งขึ้นสูงสุดมากกว่า 25 กิโลกรัม แต่ไม่มากกว่า 150 กิโลกรัม,KH,2,508832,export
2567,6,88062200,000,C62,มีน้ำหนักวิ่งขึ้นสูงสุดมากกว่า 250 กรัม แต่ไม่มากกว่า 7 กิโลกรัม,LT,5,618275,export
2567,6,88062200,000,C62,มีน้ำหนักวิ่งขึ้นสูงสุดมากกว่า 250 กรัม แต่ไม่มากกว่า 7 กิโลกรัม,MY,1,20000,export
2567,6,88062200,000,C62,มีน้ำหนักวิ่งขึ้นสูงสุดมากกว่า 250 กรัม แต่ไม่มากกว่า 7 กิโลกรัม,RU,852,30675067,export
2567,6,88069400,000,C62,มีน้ำหนักวิ่งขึ้นสูงสุดมากกว่า 25 กิโลกรัม แต่ไม่มากกว่า 150 กิโลกรัม,US,12,10599460,export
2567,6,88069900,000,C62,อื่น ๆ,HK,20,361763,export
2567,7,88062100,000,C62,มีน้ำหนักวิ่งขึ้นสูงสุดไม่มากกว่า 250 กรัม,PH,19,14151,export
2567,7,88062200,000,C62,มีน้ำหนักวิ่งขึ้นสูงสุดมากกว่า 250 กรัม แต่ไม่มากกว่า 7 กิโลกรัม,PL,555,66293098,export
2567,7,88062200,000,C62,มีน้ำหนักวิ่งขึ้นสูงสุดมากกว่า 250 กรัม แต่ไม่มากกว่า 7 กิโลกรัม,LT,45,5218649,export
2567,7,88062300,000,C62,มีน้ำหนักวิ่งขึ้นสูงสุดมากกว่า 7 กิโลกรัม แต่ไม่มากกว่า 25 กิโลกรัม,CN,1200,1581404,export
2567,7,88069400,000,C62,มีน้ำหนักวิ่งขึ้นสูงสุดมากกว่า 25 กิโลกรัม แต่ไม่มากกว่า 150 กิโลกรัม,US,27,18830925,export
2567,8,88062200,000,C62,มีน้ำหนักวิ่งขึ้นสูงสุดมากกว่า 250 กรัม แต่ไม่มากกว่า 7 กิโลกรัม,PL,250,28707120,export
2567,8,88062200,000,C62,มีน้ำหนักวิ่งขึ้นสูงสุดมากกว่า 250 กรัม แต่ไม่มากกว่า 7 กิโลกรัม,RU,300,7535619,export
2567,8,88062200,000,C62,มีน้ำหนักวิ่งขึ้นสูงสุดมากกว่า 250 กรัม แต่ไม่มากกว่า 7 กิโลกรัม,NO,8,13551,export
2567,8,88062900,000,C62,อื่น ๆ,LT,30,400500,export
2567,8,88062900,000,C62,อื่น ๆ,PL,50,5741424,export
2567,8,88069400,000,C62,มีน้ำหนักวิ่งขึ้นสูงสุดมากกว่า 25 กิโลกรัม แต่ไม่มากกว่า 150 กิโลกรัม,US,26,16330991,export
2567,8,88069400,000,C62,มีน้ำหนักวิ่งขึ้นสูงสุดมากกว่า 25 กิโลกรัม แต่ไม่มากกว่า 150 กิโลกรัม,KH,5,1304800,export
2567,8,88069400,000,C62,มีน้ำหนักวิ่งขึ้นสูงสุดมากกว่า 25 กิโลกรัม แต่ไม่มากกว่า 150 กิโลกรัม,LA,1,227400,export
2567,8,88069900,000,C62,อื่น ๆ,US,1,775941,export
2567,8,88069900,000,C62,อื่น ๆ,HK,17,380004,export
2567,9,88062100,000,C62,มีน้ำหนักวิ่งขึ้นสูงสุดไม่มากกว่า 250 กรัม,HK,256,7287496,export
2567,9,88062200,000,C62,มีน้ำหนักวิ่งขึ้นสูงสุดมากกว่า 250 กรัม แต่ไม่มากกว่า 7 กิโลกรัม,HK,69,2608753,export
2567,9,88062200,000,C62,มีน้ำหนักวิ่งขึ้นสูงสุดมากกว่า 250 กรัม แต่ไม่มากกว่า 7 กิโลกรัม,PL,130,14901634,export
2567,9,88062200,000,C62,มีน้ำหนักวิ่งขึ้นสูงสุดมากกว่า 250 กรัม แต่ไม่มากกว่า 7 กิโลกรัม,RU,700,16766477,export
2567,9,88062200,000,C62,มีน้ำหนักวิ่งขึ้นสูงสุดมากกว่า 250 กรัม แต่ไม่มากกว่า 7 กิโลกรัม,NO,8,13153,export
2567,9,88062400,000,C62,มีน้ำหนักวิ่งขึ้นสูงสุดมากกว่า 25 กิโลกรัม แต่ไม่มากกว่า 150 กิโลกรัม,US,1,23952,export
2567,9,88062900,000,C62,อื่น ๆ,LA,1,186350,export
2567,9,88069400,000,C62,มีน้ำหนักวิ่งขึ้นสูงสุดมากกว่า 25 กิโลกรัม แต่ไม่มากกว่า 150 กิโลกรัม,US,13,9032124,export
2567,9,88069400,000,C62,มีน้ำหนักวิ่งขึ้นสูงสุดมากกว่า 25 กิโลกรัม แต่ไม่มากกว่า 150 กิโลกรัม,DE,1,90000,export
2567,9,88069400,000,C62,มีน้ำหนักวิ่งขึ้นสูงสุดมากกว่า 25 กิโลกรัม แต่ไม่มากกว่า 150 กิโลกรัม,KH,3,623360,export
2567,9,88069900,000,C62,อื่น ๆ,MV,1,1369,export
2567,10,88062200,000,C62,มีน้ำหนักวิ่งขึ้นสูงสุดมากกว่า 250 กรัม แต่ไม่มากกว่า 7 กิโลกรัม,HK,126,3049872,export
2567,10,88062200,000,C62,มีน้ำหนักวิ่งขึ้นสูงสุดมากกว่า 250 กรัม แต่ไม่มากกว่า 7 กิโลกรัม,RU,1194,60203886,export
2567,10,88062200,000,C62,มีน้ำหนักวิ่งขึ้นสูงสุดมากกว่า 250 กรัม แต่ไม่มากกว่า 7 กิโลกรัม,PL,300,33600330,export
2567,10,88062200,000,C62,มีน้ำหนักวิ่งขึ้นสูงสุดมากกว่า 250 กรัม แต่ไม่มากกว่า 7 กิโลกรัม,NO,8,12803,export
2567,10,88062900,000,C62,อื่น ๆ,LA,1,598000,export
2567,10,88069400,000,C62,มีน้ำหนักวิ่งขึ้นสูงสุดมากกว่า 25 กิโลกรัม แต่ไม่มากกว่า 150 กิโลกรัม,DE,2,1434576,export
2567,10,88069400,000,C62,มีน้ำหนักวิ่งขึ้นสูงสุดมากกว่า 25 กิโลกรัม แต่ไม่มากกว่า 150 กิโลกรัม,KH,2,398960,export
2567,10,88069400,000,C62,มีน้ำหนักวิ่งขึ้นสูงสุดมากกว่า 25 กิโลกรัม แต่ไม่มากกว่า 150 กิโลกรัม,US,13,11318700,export
2567,11,88062200,000,C62,มีน้ำหนักวิ่งขึ้นสูงสุดมากกว่า 250 กรัม แต่ไม่มากกว่า 7 กิโลกรัม,RU,720,55576422,export
2567,11,88062200,000,C62,มีน้ำหนักวิ่งขึ้นสูงสุดมากกว่า 250 กรัม แต่ไม่มากกว่า 7 กิโลกรัม,PL,300,33819324,export
2567,11,88062300,000,C62,มีน้ำหนักวิ่งขึ้นสูงสุดมากกว่า 7 กิโลกรัม แต่ไม่มากกว่า 25 กิโลกรัม,SG,500,405979,export
2567,11,88062300,000,C62,มีน้ำหนักวิ่งขึ้นสูงสุดมากกว่า 7 กิโลกรัม แต่ไม่มากกว่า 25 กิโลกรัม,JP,1,2407969,export
2567,11,88062400,000,C62,มีน้ำหนักวิ่งขึ้นสูงสุดมากกว่า 25 กิโลกรัม แต่ไม่มากกว่า 150 กิโลกรัม,US,1,26525,export
2567,11,88062900,000,C62,อื่น ๆ,US,1,26525,export
2567,11,88069300,000,C62,มีน้ำหนักวิ่งขึ้นสูงสุดมากกว่า 7 กิโลกรัม แต่ไม่มากกว่า 25 กิโลกรัม,SG,1,756404,export
2567,11,88069400,000,C62,มีน้ำหนักวิ่งขึ้นสูงสุดมากกว่า 25 กิโลกรัม แต่ไม่มากกว่า 150 กิโลกรัม,US,10,5446238,export
2567,11,88069900,000,C62,อื่น ๆ,HK,25,343677,export
2567,12,88062200,000,C62,มีน้ำหนักวิ่งขึ้นสูงสุดมากกว่า 250 กรัม แต่ไม่มากกว่า 7 กิโลกรัม,PL,100,11714632,export
2567,12,88062200,000,C62,มีน้ำหนักวิ่งขึ้นสูงสุดมากกว่า 250 กรัม แต่ไม่มากกว่า 7 กิโลกรัม,RU,4722,324023274,export
2567,12,88062400,000,C62,มีน้ำหนักวิ่งขึ้นสูงสุดมากกว่า 25 กิโลกรัม แต่ไม่มากกว่า 150 กิโลกรัม,KR,1,234293,export
2567,12,88069200,000,C62,มีน้ำหนักวิ่งขึ้นสูงสุดมากกว่า 250 กรัม แต่ไม่มากกว่า 7 กิโลกรัม,CN,2050,17833288,export
2567,12,88069400,000,C62,มีน้ำหนักวิ่งขึ้นสูงสุดมากกว่า 25 กิโลกรัม แต่ไม่มากกว่า 150 กิโลกรัม,DE,1,358310,export
2567,12,88069400,000,C62,มีน้ำหนักวิ่งขึ้นสูงสุดมากกว่า 25 กิโลกรัม แต่ไม่มากกว่า 150 กิโลกรัม,US,3,3114369,export
2568,1,88062200,000,C62,มีน้ำหนักวิ่งขึ้นสูงสุดมากกว่า 250 กรัม แต่ไม่มากกว่า 7 กิโลกรัม,PL,200,23199356,export
2568,1,88062200,000,C62,มีน้ำหนักวิ่งขึ้นสูงสุดมากกว่า 250 กรัม แต่ไม่มากกว่า 7 กิโลกรัม,RU,2427,201901198,export
2568,1,88062300,000,C62,มีน้ำหนักวิ่งขึ้นสูงสุดมากกว่า 7 กิโลกรัม แต่ไม่มากกว่า 25 กิโลกรัม,CN,532,1418282,export
2568,1,88062400,000,C62,มีน้ำหนักวิ่งขึ้นสูงสุดมากกว่า 25 กิโลกรัม แต่ไม่มากกว่า 150 กิโลกรัม,AE,1,40940,export
2568,1,88069400,000,C62,มีน้ำหนักวิ่งขึ้นสูงสุดมากกว่า 25 กิโลกรัม แต่ไม่มากกว่า 150 กิโลกรัม,DE,2,437146,export
2568,1,88069400,000,C62,มีน้ำหนักวิ่งขึ้นสูงสุดมากกว่า 25 กิโลกรัม แต่ไม่มากกว่า 150 กิโลกรัม,US,24,18991062,export
2568,2,88062200,000,C62,มีน้ำหนักวิ่งขึ้นสูงสุดมากกว่า 250 กรัม แต่ไม่มากกว่า 7 กิโลกรัม,RU,2718,169015265,export
2568,2,88069200,000,C62,มีน้ำหนักวิ่งขึ้นสูงสุดมากกว่า 250 กรัม แต่ไม่มากกว่า 7 กิโลกรัม,KH,408,640504,export
2568,2,88069400,000,C62,มีน้ำหนักวิ่งขึ้นสูงสุดมากกว่า 25 กิโลกรัม แต่ไม่มากกว่า 150 กิโลกรัม,US,37,18147625,export
2568,2,88069900,000,C62,อื่น ๆ,CH,1,1105266,export
2568,2,88069900,000,C62,อื่น ๆ,HK,29,271046,export
2568,3,88062200,000,C62,มีน้ำหนักวิ่งขึ้นสูงสุดมากกว่า 250 กรัม แต่ไม่มากกว่า 7 กิโลกรัม,RU,1614,2037833432,export
2568,3,88062200,000,C62,มีน้ำหนักวิ่งขึ้นสูงสุดมากกว่า 250 กรัม แต่ไม่มากกว่า 7 กิโลกรัม,PL,70,10185251,export
2568,3,88062400,000,C62,มีน้ำหนักวิ่งขึ้นสูงสุดมากกว่า 25 กิโลกรัม แต่ไม่มากกว่า 150 กิโลกรัม,RU,33,16982275,export
2568,3,88069300,000,C62,มีน้ำหนักวิ่งขึ้นสูงสุดมากกว่า 7 กิโลกรัม แต่ไม่มากกว่า 25 กิโลกรัม,IR,145,378811,export
2568,3,88069300,000,C62,มีน้ำหนักวิ่งขึ้นสูงสุดมากกว่า 7 กิโลกรัม แต่ไม่มากกว่า 25 กิโลกรัม,RU,288,15895012,export
2568,3,88069400,000,C62,มีน้ำหนักวิ่งขึ้นสูงสุดมากกว่า 25 กิโลกรัม แต่ไม่มากกว่า 150 กิโลกรัม,DE,14,2521519,export
2568,3,88069400,000,C62,มีน้ำหนักวิ่งขึ้นสูงสุดมากกว่า 25 กิโลกรัม แต่ไม่มากกว่า 150 กิโลกรัม,US,21,14304508,export
2568,4,88062100,000,C62,มีน้ำหนักวิ่งขึ้นสูงสุดไม่มากกว่า 250 กรัม,SG,1,159314,export
2568,4,88062200,000,C62,มีน้ำหนักวิ่งขึ้นสูงสุดมากกว่า 250 กรัม แต่ไม่มากกว่า 7 กิโลกรัม,PL,106,34210811,export
2568,4,88062900,000,C62,อื่น ๆ,US,9,294546,export
2568,4,88062900,000,C62,อื่น ๆ,SG,12,66944,export
2568,4,88069400,000,C62,มีน้ำหนักวิ่งขึ้นสูงสุดมากกว่า 25 กิโลกรัม แต่ไม่มากกว่า 150 กิโลกรัม,US,38,21520244,export
2568,4,88069400,000,C62,มีน้ำหนักวิ่งขึ้นสูงสุดมากกว่า 25 กิโลกรัม แต่ไม่มากกว่า 150 กิโลกรัม,RU,8,4119623,export
2568,5,88062200,000,C62,มีน้ำหนักวิ่งขึ้นสูงสุดมากกว่า 250 กรัม แต่ไม่มากกว่า 7 กิโลกรัม,PL,206,38713973,export
2568,5,88062900,000,C62,อื่น ๆ,AE,6,650540,export
2568,5,88062900,000,C62,อื่น ๆ,HK,1,25000,export
2568,5,88069300,000,C62,มีน้ำหนักวิ่งขึ้นสูงสุดมากกว่า 7 กิโลกรัม แต่ไม่มากกว่า 25 กิโลกรัม,SG,1,779193,export
2568,5,88069300,000,C62,มีน้ำหนักวิ่งขึ้นสูงสุดมากกว่า 7 กิโลกรัม แต่ไม่มากกว่า 25 กิโลกรัม,RU,383,55247671,export
2568,5,88069400,000,C62,มีน้ำหนักวิ่งขึ้นสูงสุดมากกว่า 25 กิโลกรัม แต่ไม่มากกว่า 150 กิโลกรัม,US,35,15253437,export
2568,5,88069400,000,C62,มีน้ำหนักวิ่งขึ้นสูงสุดมากกว่า 25 กิโลกรัม แต่ไม่มากกว่า 150 กิโลกรัม,DE,59,2957176,export
2568,5,88069900,000,C62,อื่น ๆ,JP,125,25813,export
2568,5,88069900,000,C62,อื่น ๆ,HK,31,375260,export
2568,5,88069900,000,C62,อื่น ๆ,NG,1,330324,export
2568,6,88062100,000,C62,มีน้ำหนักวิ่งขึ้นสูงสุดไม่มากกว่า 250 กรัม,LA,1,34200,export
2568,6,88062100,000,C62,มีน้ำหนักวิ่งขึ้นสูงสุดไม่มากกว่า 250 กรัม,SG,1,327600,export
2568,6,88062200,000,C62,มีน้ำหนักวิ่งขึ้นสูงสุดมากกว่า 250 กรัม แต่ไม่มากกว่า 7 กิโลกรัม,PL,100,13758654,export
2568,6,88062900,000,C62,อื่น ๆ,SG,6,60342,export
2568,6,88069300,000,C62,มีน้ำหนักวิ่งขึ้นสูงสุดมากกว่า 7 กิโลกรัม แต่ไม่มากกว่า 25 กิโลกรัม,RU,21646,431664710,export
2568,6,88069300,000,C62,มีน้ำหนักวิ่งขึ้นสูงสุดมากกว่า 7 กิโลกรัม แต่ไม่มากกว่า 25 กิโลกรัม,SG,1,67483,export
2568,6,88069400,000,C62,มีน้ำหนักวิ่งขึ้นสูงสุดมากกว่า 25 กิโลกรัม แต่ไม่มากกว่า 150 กิโลกรัม,NL,1,190000,export
2568,6,88069400,000,C62,มีน้ำหนักวิ่งขึ้นสูงสุดมากกว่า 25 กิโลกรัม แต่ไม่มากกว่า 150 กิโลกรัม,US,73,35087680,export
2568,6,88069900,000,C62,อื่น ๆ,AT,2,11003880,export
2568,7,88062100,000,C62,มีน้ำหนักวิ่งขึ้นสูงสุดไม่มากกว่า 250 กรัม,LA,1,91620,export
2568,7,88062100,000,C62,มีน้ำหนักวิ่งขึ้นสูงสุดไม่มากกว่า 250 กรัม,SG,2,200434,export
2568,7,88062200,000,C62,มีน้ำหนักวิ่งขึ้นสูงสุดมากกว่า 250 กรัม แต่ไม่มากกว่า 7 กิโลกรัม,PL,110,15720998,export
2568,7,88062900,000,C62,อื่น ๆ,SG,12,226071,export
2568,7,88069300,000,C62,มีน้ำหนักวิ่งขึ้นสูงสุดมากกว่า 7 กิโลกรัม แต่ไม่มากกว่า 25 กิโลกรัม,SG,1,472539,export
2568,7,88069300,000,C62,มีน้ำหนักวิ่งขึ้นสูงสุดมากกว่า 7 กิโลกรัม แต่ไม่มากกว่า 25 กิโลกรัม,RU,17334,146461935,export
2568,7,88069400,000,C62,มีน้ำหนักวิ่งขึ้นสูงสุดมากกว่า 25 กิโลกรัม แต่ไม่มากกว่า 150 กิโลกรัม,US,48,20542080,export
2568,7,88069400,000,C62,มีน้ำหนักวิ่งขึ้นสูงสุดมากกว่า 25 กิโลกรัม แต่ไม่มากกว่า 150 กิโลกรัม,CA,1,793424,export
2568,7,88069400,000,C62,มีน้ำหนักวิ่งขึ้นสูงสุดมากกว่า 25 กิโลกรัม แต่ไม่มากกว่า 150 กิโลกรัม,DE,16,2722615,export
2568,7,88069900,000,C62,อื่น ๆ,CH,1,915674,export
2568,8,88062100,000,C62,มีน้ำหนักวิ่งขึ้นสูงสุดไม่มากกว่า 250 กรัม,US,3,16452,export
2568,8,88062100,000,C62,มีน้ำหนักวิ่งขึ้นสูงสุดไม่มากกว่า 250 กรัม,SG,2,28071,export
2568,8,88062200,000,C62,มีน้ำหนักวิ่งขึ้นสูงสุดมากกว่า 250 กรัม แต่ไม่มากกว่า 7 กิโลกรัม,HK,1,3204,export
2568,8,88062200,000,C62,มีน้ำหนักวิ่งขึ้นสูงสุดมากกว่า 250 กรัม แต่ไม่มากกว่า 7 กิโลกรัม,PL,278,35447515,export
2568,8,88062900,000,C62,อื่น ๆ,SG,12,14789,export
2568,8,88069300,000,C62,มีน้ำหนักวิ่งขึ้นสูงสุดมากกว่า 7 กิโลกรัม แต่ไม่มากกว่า 25 กิโลกรัม,RU,6206,464302586,export
2568,8,88069400,000,C62,มีน้ำหนักวิ่งขึ้นสูงสุดมากกว่า 25 กิโลกรัม แต่ไม่มากกว่า 150 กิโลกรัม,US,380,21065173,export
2568,8,88069900,000,C62,อื่น ๆ,ID,1,688955,export
2568,8,88069900,000,C62,อื่น ๆ,NG,1,320444,export
2568,9,88062100,000,C62,มีน้ำหนักวิ่งขึ้นสูงสุดไม่มากกว่า 250 กรัม,US,10,54562,export
2568,9,88062200,000,C62,มีน้ำหนักวิ่งขึ้นสูงสุดมากกว่า 250 กรัม แต่ไม่มากกว่า 7 กิโลกรัม,SG,8,310251,export
2568,9,88062200,000,C62,มีน้ำหนักวิ่งขึ้นสูงสุดมากกว่า 250 กรัม แต่ไม่มากกว่า 7 กิโลกรัม,PL,253,32598965,export
2568,9,88069200,000,C62,มีน้ำหนักวิ่งขึ้นสูงสุดมากกว่า 250 กรัม แต่ไม่มากกว่า 7 กิโลกรัม,HK,586,1488420,export
2568,9,88069300,000,C62,มีน้ำหนักวิ่งขึ้นสูงสุดมากกว่า 7 กิโลกรัม แต่ไม่มากกว่า 25 กิโลกรัม,RU,3364,332335306,export
2568,9,88069400,000,C62,มีน้ำหนักวิ่งขึ้นสูงสุดมากกว่า 25 กิโลกรัม แต่ไม่มากกว่า 150 กิโลกรัม,US,73,25430877,export
2568,9,88069400,000,C62,มีน้ำหนักวิ่งขึ้นสูงสุดมากกว่า 25 กิโลกรัม แต่ไม่มากกว่า 150 กิโลกรัม,DE,18,4168601,export
2568,9,88069900,000,C62,อื่น ๆ,GR,1,1000000,export
2568,9,88069900,000,C62,อื่น ๆ,PL,1,407172,export
2568,10,88062100,000,C62,มีน้ำหนักวิ่งขึ้นสูงสุดไม่มากกว่า 250 กรัม,US,11,58628,export
2568,10,88062100,000,C62,มีน้ำหนักวิ่งขึ้นสูงสุดไม่มากกว่า 250 กรัม,DE,8,616048,export
2568,10,88062200,000,C62,มีน้ำหนักวิ่งขึ้นสูงสุดมากกว่า 250 กรัม แต่ไม่มากกว่า 7 กิโลกรัม,PL,488,60082502,export
2568,10,88062900,000,C62,อื่น ๆ,MM,3,426184,export
2568,10,88069300,000,C62,มีน้ำหนักวิ่งขึ้นสูงสุดมากกว่า 7 กิโลกรัม แต่ไม่มากกว่า 25 กิโลกรัม,RU,3506,233426662,export
2568,10,88069400,000,C62,มีน้ำหนักวิ่งขึ้นสูงสุดมากกว่า 25 กิโลกรัม แต่ไม่มากกว่า 150 กิโลกรัม,DE,16,2713280,export
2568,10,88069400,000,C62,มีน้ำหนักวิ่งขึ้นสูงสุดมากกว่า 25 กิโลกรัม แต่ไม่มากกว่า 150 กิโลกรัม,US,73,31032524,export
2568,11,88062100,000,C62,มีน้ำหนักวิ่งขึ้นสูงสุดไม่มากกว่า 250 กรัม,PL,850,5624264,export
2568,11,88062100,000,C62,มีน้ำหนักวิ่งขึ้นสูงสุดไม่มากกว่า 250 กรัม,US,12,36723,export
2568,11,88062200,000,C62,มีน้ำหนักวิ่งขึ้นสูงสุดมากกว่า 250 กรัม แต่ไม่มากกว่า 7 กิโลกรัม,PL,12,1440123,export
2568,11,88062200,000,C62,มีน้ำหนักวิ่งขึ้นสูงสุดมากกว่า 250 กรัม แต่ไม่มากกว่า 7 กิโลกรัม,RU,6357,3972761,export
2568,11,88069300,000,C62,มีน้ำหนักวิ่งขึ้นสูงสุดมากกว่า 7 กิโลกรัม แต่ไม่มากกว่า 25 กิโลกรัม,HK,30,291917,export
2568,11,88069400,000,C62,มีน้ำหนักวิ่งขึ้นสูงสุดมากกว่า 25 กิโลกรัม แต่ไม่มากกว่า 150 กิโลกรัม,MT,1,873570,export
2568,11,88069400,000,C62,มีน้ำหนักวิ่งขึ้นสูงสุดมากกว่า 25 กิโลกรัม แต่ไม่มากกว่า 150 กิโลกรัม,US,66,32079143,export
2568,11,88069400,000,C62,มีน้ำหนักวิ่งขึ้นสูงสุดมากกว่า 25 กิโลกรัม แต่ไม่มากกว่า 150 กิโลกรัม,DE,31,95059,export
2568,11,88069900,000,C62,อื่น ๆ,ID,1,227046,export
2568,11,88069900,000,C62,อื่น ๆ,MX,1,504205,export
2568,11,88069900,000,C62,อื่น ๆ,CI,3,47700,export
2568,11,88069900,000,C62,อื่น ๆ,US,1,9692,export
2568,11,88069900,000,C62,อื่น ๆ,AE,8,7703360,export
2568,12,88062100,000,C62,มีน้ำหนักวิ่งขึ้นสูงสุดไม่มากกว่า 250 กรัม,PL,800,8321942,export
2568,12,88062200,000,C62,มีน้ำหนักวิ่งขึ้นสูงสุดมากกว่า 250 กรัม แต่ไม่มากกว่า 7 กิโลกรัม,RU,8543,241888082,export
2568,12,88062300,000,C62,มีน้ำหนักวิ่งขึ้นสูงสุดมากกว่า 7 กิโลกรัม แต่ไม่มากกว่า 25 กิโลกรัม,CN,1468,1924669,export
2568,12,88062900,000,C62,อื่น ๆ,SG,16,285513,export
2568,12,88069300,000,C62,มีน้ำหนักวิ่งขึ้นสูงสุดมากกว่า 7 กิโลกรัม แต่ไม่มากกว่า 25 กิโลกรัม,US,20,1782216,export
2568,12,88069300,000,C62,มีน้ำหนักวิ่งขึ้นสูงสุดมากกว่า 7 กิโลกรัม แต่ไม่มากกว่า 25 กิโลกรัม,IL,9,150664,export
2568,12,88069400,000,C62,มีน้ำหนักวิ่งขึ้นสูงสุดมากกว่า 25 กิโลกรัม แต่ไม่มากกว่า 150 กิโลกรัม,US,111,26633435,export
2568,12,88069400,000,C62,มีน้ำหนักวิ่งขึ้นสูงสุดมากกว่า 25 กิโลกรัม แต่ไม่มากกว่า 150 กิโลกรัม,LA,1,195742,export
2568,12,88069400,000,C62,มีน้ำหนักวิ่งขึ้นสูงสุดมากกว่า 25 กิโลกรัม แต่ไม่มากกว่า 150 กิโลกรัม,DE,16,2712827,export
2568,12,88069400,000,C62,มีน้ำหนักวิ่งขึ้นสูงสุดมากกว่า 25 กิโลกรัม แต่ไม่มากกว่า 150 กิโลกรัม,SG,1,189000,export
2569,1,88062200,000,C62,มีน้ำหนักวิ่งขึ้นสูงสุดมากกว่า 250 กรัม แต่ไม่มากกว่า 7 กิโลกรัม,RU,500,23297025,export
2569,1,88062200,000,C62,มีน้ำหนักวิ่งขึ้นสูงสุดมากกว่า 250 กรัม แต่ไม่มากกว่า 7 กิโลกรัม,LT,38,4367416,export
2569,1,88062300,000,C62,มีน้ำหนักวิ่งขึ้นสูงสุดมากกว่า 7 กิโลกรัม แต่ไม่มากกว่า 25 กิโลกรัม,CN,2883,3682973,export
2569,1,88062900,000,C62,อื่น ๆ,SG,7,198847,export
2569,1,88069200,000,C62,มีน้ำหนักวิ่งขึ้นสูงสุดมากกว่า 250 กรัม แต่ไม่มากกว่า 7 กิโลกรัม,HK,350,3055017,export
2569,1,88069200,000,C62,มีน้ำหนักวิ่งขึ้นสูงสุดมากกว่า 250 กรัม แต่ไม่มากกว่า 7 กิโลกรัม,LA,590,36673500,export
2569,1,88069300,000,C62,มีน้ำหนักวิ่งขึ้นสูงสุดมากกว่า 7 กิโลกรัม แต่ไม่มากกว่า 25 กิโลกรัม,US,3,257945,export
2569,1,88069400,000,C62,มีน้ำหนักวิ่งขึ้นสูงสุดมากกว่า 25 กิโลกรัม แต่ไม่มากกว่า 150 กิโลกรัม,US,90,42576090,export
2569,1,88069900,000,C62,อื่น ๆ,CH,2,547446,export
2569,1,88069900,000,C62,อื่น ๆ,AE,12,4584855,export
2569,2,88062200,000,C62,มีน้ำหนักวิ่งขึ้นสูงสุดมากกว่า 250 กรัม แต่ไม่มากกว่า 7 กิโลกรัม,JP,550,3500835,export
2569,2,88069200,000,C62,มีน้ำหนักวิ่งขึ้นสูงสุดมากกว่า 250 กรัม แต่ไม่มากกว่า 7 กิโลกรัม,US,1,170488,export
2569,2,88069400,000,C62,มีน้ำหนักวิ่งขึ้นสูงสุดมากกว่า 25 กิโลกรัม แต่ไม่มากกว่า 150 กิโลกรัม,US,57,28161701,export
2569,2,88069400,000,C62,มีน้ำหนักวิ่งขึ้นสูงสุดมากกว่า 25 กิโลกรัม แต่ไม่มากกว่า 150 กิโลกรัม,DE,16,2631614,export
2569,3,88062100,000,C62,มีน้ำหนักวิ่งขึ้นสูงสุดไม่มากกว่า 250 กรัม,DE,1,1550,export
2569,3,88062200,000,C62,มีน้ำหนักวิ่งขึ้นสูงสุดมากกว่า 250 กรัม แต่ไม่มากกว่า 7 กิโลกรัม,KR,1,470800,export
2569,3,88062300,000,C62,มีน้ำหนักวิ่งขึ้นสูงสุดมากกว่า 7 กิโลกรัม แต่ไม่มากกว่า 25 กิโลกรัม,SG,2,15261838,export
2569,3,88069400,000,C62,มีน้ำหนักวิ่งขึ้นสูงสุดมากกว่า 25 กิโลกรัม แต่ไม่มากกว่า 150 กิโลกรัม,US,57,28203568,export
2569,3,88069400,000,C62,มีน้ำหนักวิ่งขึ้นสูงสุดมากกว่า 25 กิโลกรัม แต่ไม่มากกว่า 150 กิโลกรัม,DE,12,1835543,export
2569,3,88069900,000,C62,อื่น ๆ,SG,1,15466,export
2569,3,88069900,000,C62,อื่น ๆ,LA,52,4512823,export
2569,3,88069900,000,C62,อื่น ๆ,CH,1,280536,export
2569,4,88062300,000,C62,มีน้ำหนักวิ่งขึ้นสูงสุดมากกว่า 7 กิโลกรัม แต่ไม่มากกว่า 25 กิโลกรัม,SG,104,565799,export
2569,4,88069400,000,C62,มีน้ำหนักวิ่งขึ้นสูงสุดมากกว่า 25 กิโลกรัม แต่ไม่มากกว่า 150 กิโลกรัม,US,113,51002394,export
2569,4,88069900,000,C62,อื่น ๆ,CZ,1,504978,export
2569,4,88069900,000,C62,อื่น ๆ,LA,40,2573338,export
2569,5,88062900,000,C62,อื่น ๆ,MY,1,3013616,export
2569,5,88069300,000,C62,มีน้ำหนักวิ่งขึ้นสูงสุดมากกว่า 7 กิโลกรัม แต่ไม่มากกว่า 25 กิโลกรัม,US,10,882923,export
2569,5,88069400,000,C62,มีน้ำหนักวิ่งขึ้นสูงสุดมากกว่า 25 กิโลกรัม แต่ไม่มากกว่า 150 กิโลกรัม,US,58,33540221,export
2569,5,88069900,000,C62,อื่น ๆ,CN,1,4146675,export
2569,5,88069900,000,C62,อื่น ๆ,LA,65,4482963,export
