ปี,พิกัด8,ปริมาณ_export,ปริมาณ_import,มูลค่าบาท_export,มูลค่าบาท_import,ชนิด,คำอธิบายทางการ,ส่วนต่างมูลค่า,ส่วนต่างปริมาณ,ratio_ส่งออกต่อนำเข้า,ผ่าน_GATE,อุปสงค์ในประเทศ_บาท
2565,88069900,54.0,592.0,4128100.0,443414288.0,ไม่ใช่รีโมตอย่างเดียว อื่นๆ,อื่น ๆ,439286188.0,538.0,0.009309803747235137,True,439286188.0
2565,88062900,0.0,9964.0,0.0,348126526.0,รีโมตอย่างเดียว อื่นๆ,อื่น ๆ,348126526.0,9964.0,0.0,True,348126526.0
2565,88062400,36.0,986.0,13347012.0,162633663.0,รีโมตอย่างเดียว 25-150kg,มีน้ำหนักวิ่งขึ้นสูงสุดมากกว่า 25 กิโลกรัม แต่ไม่มากกว่า 150 กิโลกรัม,149286651.0,950.0,0.08206795416026509,True,149286651.0
2565,88069400,110.0,1464.0,15906374.0,150885926.0,ไม่ใช่รีโมตอย่างเดียว 25-150kg,มีน้ำหนักวิ่งขึ้นสูงสุดมากกว่า 25 กิโลกรัม แต่ไม่มากกว่า 150 กิโลกรัม,134979552.0,1354.0,0.10541986533588295,True,134979552.0
2565,88062100,3.0,7693.0,106071.0,141607396.0,รีโมตอย่างเดียว ≤250g,มีน้ำหนักวิ่งขึ้นสูงสุดไม่มากกว่า 250 กรัม,141501325.0,7690.0,0.0007490498589494577,True,141501325.0
2565,88062200,0.0,2631.0,0.0,121010422.0,รีโมตอย่างเดียว 250g-7kg,มีน้ำหนักวิ่งขึ้นสูงสุดมากกว่า 250 กรัม แต่ไม่มากกว่า 7 กิโลกรัม,121010422.0,2631.0,0.0,True,121010422.0
2565,88069300,1.0,22.0,45519.0,9646265.0,ไม่ใช่รีโมตอย่างเดียว 7-25kg,มีน้ำหนักวิ่งขึ้นสูงสุดมากกว่า 7 กิโลกรัม แต่ไม่มากกว่า 25 กิโลกรัม,9600746.0,21.0,0.004718821222514621,True,9600746.0
2565,88062300,1.0,69.0,102506.0,9099712.0,รีโมตอย่างเดียว 7-25kg,มีน้ำหนักวิ่งขึ้นสูงสุดมากกว่า 7 กิโลกรัม แต่ไม่มากกว่า 25 กิโลกรัม,8997206.0,68.0,0.011264752115231778,True,8997206.0
2565,88069200,0.0,6.0,0.0,677410.0,ไม่ใช่รีโมตอย่างเดียว 250g-7kg,มีน้ำหนักวิ่งขึ้นสูงสุดมากกว่า 250 กรัม แต่ไม่มากกว่า 7 กิโลกรัม,677410.0,6.0,0.0,True,677410.0
2565,88069100,0.0,75.0,0.0,558473.0,ไม่ใช่รีโมตอย่างเดียว ≤250g,มีน้ำหนักวิ่งขึ้นสูงสุดไม่มากกว่า 250 กรัม,558473.0,75.0,0.0,True,558473.0
2566,88062200,16160.0,18343.0,1382175144.0,1412968941.0,รีโมตอย่างเดียว 250g-7kg,มีน้ำหนักวิ่งขึ้นสูงสุดมากกว่า 250 กรัม แต่ไม่มากกว่า 7 กิโลกรัม,30793797.0,2183.0,0.9782063171337607,False,
2566,88069400,51.0,3003.0,32858010.0,409731281.0,ไม่ใช่รีโมตอย่างเดียว 25-150kg,มีน้ำหนักวิ่งขึ้นสูงสุดมากกว่า 25 กิโลกรัม แต่ไม่มากกว่า 150 กิโลกรัม,376873271.0,2952.0,0.08019404796188846,True,376873271.0
2566,88062900,32.0,15327.0,9356789.0,386249785.0,รีโมตอย่างเดียว อื่นๆ,อื่น ๆ,376892996.0,15295.0,0.024224709924434002,True,376892996.0
2566,88062400,4.0,868.0,1372152.0,134805959.0,รีโมตอย่างเดียว 25-150kg,มีน้ำหนักวิ่งขึ้นสูงสุดมากกว่า 25 กิโลกรัม แต่ไม่มากกว่า 150 กิโลกรัม,133433807.0,864.0,0.010178719176650046,True,133433807.0
2566,88062100,0.0,6484.0,0.0,128992068.0,รีโมตอย่างเดียว ≤250g,มีน้ำหนักวิ่งขึ้นสูงสุดไม่มากกว่า 250 กรัม,128992068.0,6484.0,0.0,True,128992068.0
2566,88069900,54.0,620.0,8322010.0,82867182.0,ไม่ใช่รีโมตอย่างเดียว อื่นๆ,อื่น ๆ,74545172.0,566.0,0.10042588391626495,True,74545172.0
2566,88062300,3.0,13.0,5258647.0,6825766.0,รีโมตอย่างเดียว 7-25kg,มีน้ำหนักวิ่งขึ้นสูงสุดมากกว่า 7 กิโลกรัม แต่ไม่มากกว่า 25 กิโลกรัม,1567119.0,10.0,0.7704112622671214,True,1567119.0
2566,88069300,63.0,4.0,12341762.0,5745585.0,ไม่ใช่รีโมตอย่างเดียว 7-25kg,มีน้ำหนักวิ่งขึ้นสูงสุดมากกว่า 7 กิโลกรัม แต่ไม่มากกว่า 25 กิโลกรัม,-6596177.0,-59.0,2.148042714536466,False,
2566,88069200,0.0,578.0,0.0,4865119.0,ไม่ใช่รีโมตอย่างเดียว 250g-7kg,มีน้ำหนักวิ่งขึ้นสูงสุดมากกว่า 250 กรัม แต่ไม่มากกว่า 7 กิโลกรัม,4865119.0,578.0,0.0,True,4865119.0
2566,88069100,0.0,524.0,0.0,3930862.0,ไม่ใช่รีโมตอย่างเดียว ≤250g,มีน้ำหนักวิ่งขึ้นสูงสุดไม่มากกว่า 250 กรัม,3930862.0,524.0,0.0,True,3930862.0
2566,88061000,1.0,3.0,6277.0,7613.0,โดยสาร -,ที่ออกแบบสำหรับการขนส่งผู้โดยสาร,1336.0,2.0,0.8245107053723894,True,1336.0
2567,88062200,21186.0,23930.0,1138865263.0,1042478177.0,รีโมตอย่างเดียว 250g-7kg,มีน้ำหนักวิ่งขึ้นสูงสุดมากกว่า 250 กรัม แต่ไม่มากกว่า 7 กิโลกรัม,-96387086.0,2744.0,1.0924595719378785,False,
2567,88069400,175.0,4309.0,123490835.0,614961002.0,ไม่ใช่รีโมตอย่างเดียว 25-150kg,มีน้ำหนักวิ่งขึ้นสูงสุดมากกว่า 25 กิโลกรัม แต่ไม่มากกว่า 150 กิโลกรัม,491470167.0,4134.0,0.2008108393839257,True,491470167.0
2567,88062900,84.0,29432.0,7112799.0,532708339.0,รีโมตอย่างเดียว อื่นๆ,อื่น ๆ,525595540.0,29348.0,0.01335214502808825,True,525595540.0
2567,88069900,68.0,4112.0,5941363.0,373002980.0,ไม่ใช่รีโมตอย่างเดียว อื่นๆ,อื่น ๆ,367061617.0,4044.0,0.01592845987450288,True,367061617.0
2567,88062400,4.0,1336.0,708348.0,246745449.0,รีโมตอย่างเดียว 25-150kg,มีน้ำหนักวิ่งขึ้นสูงสุดมากกว่า 25 กิโลกรัม แต่ไม่มากกว่า 150 กิโลกรัม,246037101.0,1332.0,0.0028707641939122452,True,246037101.0
2567,88062100,275.0,16567.0,7301647.0,213183940.0,รีโมตอย่างเดียว ≤250g,มีน้ำหนักวิ่งขึ้นสูงสุดไม่มากกว่า 250 กรัม,205882293.0,16292.0,0.03425045526412543,True,205882293.0
2567,88069200,2512.0,2518.0,37888288.0,45697199.0,ไม่ใช่รีโมตอย่างเดียว 250g-7kg,มีน้ำหนักวิ่งขึ้นสูงสุดมากกว่า 250 กรัม แต่ไม่มากกว่า 7 กิโลกรัม,7808911.0,6.0,0.8291162003167852,True,7808911.0
2567,88069100,0.0,4507.0,0.0,37492128.0,ไม่ใช่รีโมตอย่างเดียว ≤250g,มีน้ำหนักวิ่งขึ้นสูงสุดไม่มากกว่า 250 กรัม,37492128.0,4507.0,0.0,True,37492128.0
2567,88062300,1707.0,4235.0,8551768.0,24012734.0,รีโมตอย่างเดียว 7-25kg,มีน้ำหนักวิ่งขึ้นสูงสุดมากกว่า 7 กิโลกรัม แต่ไม่มากกว่า 25 กิโลกรัม,15460966.0,2528.0,0.3561347075264316,True,15460966.0
2567,88069300,3.0,3.0,1191358.0,1629059.0,ไม่ใช่รีโมตอย่างเดียว 7-25kg,มีน้ำหนักวิ่งขึ้นสูงสุดมากกว่า 7 กิโลกรัม แต่ไม่มากกว่า 25 กิโลกรัม,437701.0,0.0,0.7313166680887555,False,
2567,88061000,0.0,2.0,0.0,15646.0,โดยสาร -,ที่ออกแบบสำหรับการขนส่งผู้โดยสาร,15646.0,2.0,0.0,True,15646.0
2568,88062200,23491.0,25505.0,2920282341.0,2949769101.0,รีโมตอย่างเดียว 250g-7kg,มีน้ำหนักวิ่งขึ้นสูงสุดมากกว่า 250 กรัม แต่ไม่มากกว่า 7 กิโลกรัม,29486760.0,2014.0,0.9900037057171682,False,
2568,88069300,52934.0,52770.0,1683256705.0,1718925512.0,ไม่ใช่รีโมตอย่างเดียว 7-25kg,มีน้ำหนักวิ่งขึ้นสูงสุดมากกว่า 7 กิโลกรัม แต่ไม่มากกว่า 25 กิโลกรัม,35668807.0,-164.0,0.979249358537649,False,
2568,88069900,208.0,4178.0,24935837.0,503667376.0,ไม่ใช่รีโมตอย่างเดียว อื่นๆ,อื่น ๆ,478731539.0,3970.0,0.04950854112893745,True,478731539.0
2568,88062900,77.0,26103.0,2049929.0,499540266.0,รีโมตอย่างเดียว อื่นๆ,อื่น ๆ,497490337.0,26026.0,0.004103631157533155,True,497490337.0
2568,88062400,34.0,3827.0,17023215.0,454936243.0,รีโมตอย่างเดียว 25-150kg,มีน้ำหนักวิ่งขึ้นสูงสุดมากกว่า 25 กิโลกรัม แต่ไม่มากกว่า 150 กิโลกรัม,437913028.0,3793.0,0.03741890267467655,True,437913028.0
2568,88069400,1164.0,2462.0,304777370.0,395158325.0,ไม่ใช่รีโมตอย่างเดียว 25-150kg,มีน้ำหนักวิ่งขึ้นสูงสุดมากกว่า 25 กิโลกรัม แต่ไม่มากกว่า 150 กิโลกรัม,90380955.0,1298.0,0.7712791322313658,True,90380955.0
2568,88062100,1702.0,21704.0,15569858.0,163845710.0,รีโมตอย่างเดียว ≤250g,มีน้ำหนักวิ่งขึ้นสูงสุดไม่มากกว่า 250 กรัม,148275852.0,20002.0,0.0950275597694929,True,148275852.0
2568,88062300,2000.0,849.0,3342951.0,87146272.0,รีโมตอย่างเดียว 7-25kg,มีน้ำหนักวิ่งขึ้นสูงสุดมากกว่า 7 กิโลกรัม แต่ไม่มากกว่า 25 กิโลกรัม,83803321.0,-1151.0,0.03836022956897112,False,
2568,88069100,0.0,2127.0,0.0,13766949.0,ไม่ใช่รีโมตอย่างเดียว ≤250g,มีน้ำหนักวิ่งขึ้นสูงสุดไม่มากกว่า 250 กรัม,13766949.0,2127.0,0.0,True,13766949.0
2568,88061000,0.0,3.0,0.0,10207851.0,โดยสาร -,ที่ออกแบบสำหรับการขนส่งผู้โดยสาร,10207851.0,3.0,0.0,True,10207851.0
2568,88069200,994.0,768.0,2128924.0,7384262.0,ไม่ใช่รีโมตอย่างเดียว 250g-7kg,มีน้ำหนักวิ่งขึ้นสูงสุดมากกว่า 250 กรัม แต่ไม่มากกว่า 7 กิโลกรัม,5255338.0,-226.0,0.28830558829033964,False,
2569,88062900,8.0,8039.0,3212463.0,172151742.0,รีโมตอย่างเดียว อื่นๆ,อื่น ๆ,168939279.0,8031.0,0.018660647651186708,True,168939279.0
2569,88062400,0.0,1805.0,0.0,159080058.0,รีโมตอย่างเดียว 25-150kg,มีน้ำหนักวิ่งขึ้นสูงสุดมากกว่า 25 กิโลกรัม แต่ไม่มากกว่า 150 กิโลกรัม,159080058.0,1805.0,0.0,True,159080058.0
2569,88062200,1089.0,2514.0,31636076.0,108007492.0,รีโมตอย่างเดียว 250g-7kg,มีน้ำหนักวิ่งขึ้นสูงสุดมากกว่า 250 กรัม แต่ไม่มากกว่า 7 กิโลกรัม,76371416.0,1425.0,0.29290631061037875,True,76371416.0
2569,88069900,175.0,434.0,21649080.0,62939980.0,ไม่ใช่รีโมตอย่างเดียว อื่นๆ,อื่น ๆ,41290900.0,259.0,0.3439638843228104,True,41290900.0
2569,88069200,941.0,752.0,39899005.0,49408161.0,ไม่ใช่รีโมตอย่างเดียว 250g-7kg,มีน้ำหนักวิ่งขึ้นสูงสุดมากกว่า 250 กรัม แต่ไม่มากกว่า 7 กิโลกรัม,9509156.0,-189.0,0.807538758627345,False,
2569,88069400,403.0,199.0,187951131.0,27480230.0,ไม่ใช่รีโมตอย่างเดียว 25-150kg,มีน้ำหนักวิ่งขึ้นสูงสุดมากกว่า 25 กิโลกรัม แต่ไม่มากกว่า 150 กิโลกรัม,-160470901.0,-204.0,6.839503563107004,False,
2569,88069300,13.0,4.0,1140868.0,26372909.0,ไม่ใช่รีโมตอย่างเดียว 7-25kg,มีน้ำหนักวิ่งขึ้นสูงสุดมากกว่า 7 กิโลกรัม แต่ไม่มากกว่า 25 กิโลกรัม,25232041.0,-9.0,0.043259088331893916,False,
2569,88062100,1.0,1821.0,1550.0,17029809.0,รีโมตอย่างเดียว ≤250g,มีน้ำหนักวิ่งขึ้นสูงสุดไม่มากกว่า 250 กรัม,17028259.0,1820.0,9.101687517458358e-05,True,17028259.0
2569,88062300,2989.0,22551.0,19510610.0,7163676.0,รีโมตอย่างเดียว 7-25kg,มีน้ำหนักวิ่งขึ้นสูงสุดมากกว่า 7 กิโลกรัม แต่ไม่มากกว่า 25 กิโลกรัม,-12346934.0,19562.0,2.7235472402716145,False,
2569,88069100,0.0,1.0,0.0,3515.0,ไม่ใช่รีโมตอย่างเดียว ≤250g,มีน้ำหนักวิ่งขึ้นสูงสุดไม่มากกว่า 250 กรัม,3515.0,1.0,0.0,True,3515.0
