ปี,เดือน,พิกัด8,รหัสสถิติ,หน่วย,คำอธิบาย,ปริมาณ,มูลค่าบาท,ทิศทาง
2565,1,88062200,000,C62,มีน้ำหนักวิ่งขึ้นสูงสุดมากกว่า 250 กรัม แต่ไม่มากกว่า 7 กิโลกรัม,3,145219,import
2565,1,88062900,000,C62,อื่น ๆ,2,26763,import
2565,1,88069100,000,C62,มีน้ำหนักวิ่งขึ้นสูงสุดไม่มากกว่า 250 กรัม,24,184094,import
2565,1,88069300,000,C62,มีน้ำหนักวิ่งขึ้นสูงสุดมากกว่า 7 กิโลกรัม แต่ไม่มากกว่า 25 กิโลกรัม,5,562983,import
2565,1,88069400,000,C62,มีน้ำหนักวิ่งขึ้นสูงสุดมากกว่า 25 กิโลกรัม แต่ไม่มากกว่า 150 กิโลกรัม,25,12806351,import
2565,2,88062100,000,C62,มีน้ำหนักวิ่งขึ้นสูงสุดไม่มากกว่า 250 กรัม,169,2485592,import
2565,2,88062200,000,C62,มีน้ำหนักวิ่งขึ้นสูงสุดมากกว่า 250 กรัม แต่ไม่มากกว่า 7 กิโลกรัม,110,6552019,import
2565,2,88062400,000,C62,มีน้ำหนักวิ่งขึ้นสูงสุดมากกว่า 25 กิโลกรัม แต่ไม่มากกว่า 150 กิโลกรัม,50,8104691,import
2565,2,88062900,000,C62,อื่น ๆ,1,1258,import
2565,2,88069400,000,C62,มีน้ำหนักวิ่งขึ้นสูงสุดมากกว่า 25 กิโลกรัม แต่ไม่มากกว่า 150 กิโลกรัม,280,35574395,import
2565,2,88069900,000,C62,อื่น ๆ,30,6271316,import
2565,3,88062100,000,C62,มีน้ำหนักวิ่งขึ้นสูงสุดไม่มากกว่า 250 กรัม,681,8763183,import
2565,3,88062200,000,C62,มีน้ำหนักวิ่งขึ้นสูงสุดมากกว่า 250 กรัม แต่ไม่มากกว่า 7 กิโลกรัม,216,10009044,import
2565,3,88062400,000,C62,มีน้ำหนักวิ่งขึ้นสูงสุดมากกว่า 25 กิโลกรัม แต่ไม่มากกว่า 150 กิโลกรัม,36,4939331,import
2565,3,88062900,000,C62,อื่น ๆ,10,706191,import
2565,3,88069300,000,C62,มีน้ำหนักวิ่งขึ้นสูงสุดมากกว่า 7 กิโลกรัม แต่ไม่มากกว่า 25 กิโลกรัม,3,741243,import
2565,3,88069400,000,C62,มีน้ำหนักวิ่งขึ้นสูงสุดมากกว่า 25 กิโลกรัม แต่ไม่มากกว่า 150 กิโลกรัม,74,5058254,import
2565,3,88069900,000,C62,อื่น ๆ,32,944208,import
2565,4,88062100,000,C62,มีน้ำหนักวิ่งขึ้นสูงสุดไม่มากกว่า 250 กรัม,168,2052540,import
2565,4,88062200,000,C62,มีน้ำหนักวิ่งขึ้นสูงสุดมากกว่า 250 กรัม แต่ไม่มากกว่า 7 กิโลกรัม,7,259083,import
2565,4,88062300,000,C62,มีน้ำหนักวิ่งขึ้นสูงสุดมากกว่า 7 กิโลกรัม แต่ไม่มากกว่า 25 กิโลกรัม,1,129553,import
2565,4,88062900,000,C62,อื่น ๆ,3,203188,import
2565,4,88069300,000,C62,มีน้ำหนักวิ่งขึ้นสูงสุดมากกว่า 7 กิโลกรัม แต่ไม่มากกว่า 25 กิโลกรัม,1,457830,import
2565,4,88069400,000,C62,มีน้ำหนักวิ่งขึ้นสูงสุดมากกว่า 25 กิโลกรัม แต่ไม่มากกว่า 150 กิโลกรัม,31,1141521,import
2565,4,88069900,000,C62,อื่น ๆ,128,2230286,import
2565,5,88062100,000,C62,มีน้ำหนักวิ่งขึ้นสูงสุดไม่มากกว่า 250 กรัม,1421,24040719,import
2565,5,88062200,000,C62,มีน้ำหนักวิ่งขึ้นสูงสุดมากกว่า 250 กรัม แต่ไม่มากกว่า 7 กิโลกรัม,141,5625560,import
2565,5,88062300,000,C62,มีน้ำหนักวิ่งขึ้นสูงสุดมากกว่า 7 กิโลกรัม แต่ไม่มากกว่า 25 กิโลกรัม,40,5271867,import
2565,5,88062400,000,C62,มีน้ำหนักวิ่งขึ้นสูงสุดมากกว่า 25 กิโลกรัม แต่ไม่มากกว่า 150 กิโลกรัม,124,20349863,import
2565,5,88062900,000,C62,อื่น ๆ,1,12142,import
2565,5,88069100,000,C62,มีน้ำหนักวิ่งขึ้นสูงสุดไม่มากกว่า 250 กรัม,50,369196,import
2565,5,88069200,000,C62,มีน้ำหนักวิ่งขึ้นสูงสุดมากกว่า 250 กรัม แต่ไม่มากกว่า 7 กิโลกรัม,2,25316,import
2565,5,88069400,000,C62,มีน้ำหนักวิ่งขึ้นสูงสุดมากกว่า 25 กิโลกรัม แต่ไม่มากกว่า 150 กิโลกรัม,193,16689895,import
2565,5,88069900,000,C62,อื่น ๆ,64,872220,import
2565,6,88062100,000,C62,มีน้ำหนักวิ่งขึ้นสูงสุดไม่มากกว่า 250 กรัม,576,6570096,import
2565,6,88062200,000,C62,มีน้ำหนักวิ่งขึ้นสูงสุดมากกว่า 250 กรัม แต่ไม่มากกว่า 7 กิโลกรัม,134,8328249,import
2565,6,88062300,000,C62,มีน้ำหนักวิ่งขึ้นสูงสุดมากกว่า 7 กิโลกรัม แต่ไม่มากกว่า 25 กิโลกรัม,7,868370,import
2565,6,88062400,000,C62,มีน้ำหนักวิ่งขึ้นสูงสุดมากกว่า 25 กิโลกรัม แต่ไม่มากกว่า 150 กิโลกรัม,154,22221181,import
2565,6,88069300,000,C62,มีน้ำหนักวิ่งขึ้นสูงสุดมากกว่า 7 กิโลกรัม แต่ไม่มากกว่า 25 กิโลกรัม,1,863837,import
2565,6,88069400,000,C62,มีน้ำหนักวิ่งขึ้นสูงสุดมากกว่า 25 กิโลกรัม แต่ไม่มากกว่า 150 กิโลกรัม,133,8893437,import
2565,6,88069900,000,C62,อื่น ๆ,255,2875438,import
2565,7,88062100,000,C62,มีน้ำหนักวิ่งขึ้นสูงสุดไม่มากกว่า 250 กรัม,513,9135199,import
2565,7,88062200,000,C62,มีน้ำหนักวิ่งขึ้นสูงสุดมากกว่า 250 กรัม แต่ไม่มากกว่า 7 กิโลกรัม,417,17483191,import
2565,7,88062400,000,C62,มีน้ำหนักวิ่งขึ้นสูงสุดมากกว่า 25 กิโลกรัม แต่ไม่มากกว่า 150 กิโลกรัม,200,30068268,import
2565,7,88062900,000,C62,อื่น ๆ,1134,22557521,import
2565,7,88069200,000,C62,มีน้ำหนักวิ่งขึ้นสูงสุดมากกว่า 250 กรัม แต่ไม่มากกว่า 7 กิโลกรัม,1,13137,import
2565,7,88069400,000,C62,มีน้ำหนักวิ่งขึ้นสูงสุดมากกว่า 25 กิโลกรัม แต่ไม่มากกว่า 150 กิโลกรัม,166,15767311,import
2565,7,88069900,000,C62,อื่น ๆ,3,128948,import
2565,8,88062100,000,C62,มีน้ำหนักวิ่งขึ้นสูงสุดไม่มากกว่า 250 กรัม,672,16084286,import
2565,8,88062200,000,C62,มีน้ำหนักวิ่งขึ้นสูงสุดมากกว่า 250 กรัม แต่ไม่มากกว่า 7 กิโลกรัม,209,9656471,import
2565,8,88062400,000,C62,มีน้ำหนักวิ่งขึ้นสูงสุดมากกว่า 25 กิโลกรัม แต่ไม่มากกว่า 150 กิโลกรัม,125,20182576,import
2565,8,88062900,000,C62,อื่น ๆ,1849,50540795,import
2565,8,88069200,000,C62,มีน้ำหนักวิ่งขึ้นสูงสุดมากกว่า 250 กรัม แต่ไม่มากกว่า 7 กิโลกรัม,1,585842,import
2565,8,88069400,000,C62,มีน้ำหนักวิ่งขึ้นสูงสุดมากกว่า 25 กิโลกรัม แต่ไม่มากกว่า 150 กิโลกรัม,191,18294626,import
2565,8,88069900,000,C62,อื่น ๆ,14,3014007,import
2565,9,88062100,000,C62,มีน้ำหนักวิ่งขึ้นสูงสุดไม่มากกว่า 250 กรัม,515,11007094,import
2565,9,88062200,000,C62,มีน้ำหนักวิ่งขึ้นสูงสุดมากกว่า 250 กรัม แต่ไม่มากกว่า 7 กิโลกรัม,210,8108164,import
2565,9,88062400,000,C62,มีน้ำหนักวิ่งขึ้นสูงสุดมากกว่า 25 กิโลกรัม แต่ไม่มากกว่า 150 กิโลกรัม,138,24380363,import
2565,9,88062900,000,C62,อื่น ๆ,1991,154918589,import
2565,9,88069300,000,C62,มีน้ำหนักวิ่งขึ้นสูงสุดมากกว่า 7 กิโลกรัม แต่ไม่มากกว่า 25 กิโลกรัม,1,909949,import
2565,9,88069400,000,C62,มีน้ำหนักวิ่งขึ้นสูงสุดมากกว่า 25 กิโลกรัม แต่ไม่มากกว่า 150 กิโลกรัม,136,9407326,import
2565,9,88069900,000,C62,อื่น ๆ,7,564472,import
2565,10,88062100,000,C62,มีน้ำหนักวิ่งขึ้นสูงสุดไม่มากกว่า 250 กรัม,640,14311790,import
2565,10,88062200,000,C62,มีน้ำหนักวิ่งขึ้นสูงสุดมากกว่า 250 กรัม แต่ไม่มากกว่า 7 กิโลกรัม,224,5487697,import
2565,10,88062300,000,C62,มีน้ำหนักวิ่งขึ้นสูงสุดมากกว่า 7 กิโลกรัม แต่ไม่มากกว่า 25 กิโลกรัม,10,1786494,import
2565,10,88062400,000,C62,มีน้ำหนักวิ่งขึ้นสูงสุดมากกว่า 25 กิโลกรัม แต่ไม่มากกว่า 150 กิโลกรัม,53,11817021,import
2565,10,88062900,000,C62,อื่น ๆ,1403,35387117,import
2565,10,88069300,000,C62,มีน้ำหนักวิ่งขึ้นสูงสุดมากกว่า 7 กิโลกรัม แต่ไม่มากกว่า 25 กิโลกรัม,1,925512,import
2565,10,88069400,000,C62,มีน้ำหนักวิ่งขึ้นสูงสุดมากกว่า 25 กิโลกรัม แต่ไม่มากกว่า 150 กิโลกรัม,30,2498283,import
2565,10,88069900,000,C62,อื่น ๆ,11,1172516,import
2565,11,88062100,000,C62,มีน้ำหนักวิ่งขึ้นสูงสุดไม่มากกว่า 250 กรัม,1175,21882227,import
2565,11,88062200,000,C62,มีน้ำหนักวิ่งขึ้นสูงสุดมากกว่า 250 กรัม แต่ไม่มากกว่า 7 กิโลกรัม,637,26449758,import
2565,11,88062400,000,C62,มีน้ำหนักวิ่งขึ้นสูงสุดมากกว่า 25 กิโลกรัม แต่ไม่มากกว่า 150 กิโลกรัม,75,15627953,import
2565,11,88062900,000,C62,อื่น ๆ,2018,49266227,import
2565,11,88069200,000,C62,มีน้ำหนักวิ่งขึ้นสูงสุดมากกว่า 250 กรัม แต่ไม่มากกว่า 7 กิโลกรัม,2,53115,import
2565,11,88069400,000,C62,มีน้ำหนักวิ่งขึ้นสูงสุดมากกว่า 25 กิโลกรัม แต่ไม่มากกว่า 150 กิโลกรัม,118,8782664,import
2565,11,88069900,000,C62,อื่น ๆ,32,423359507,import
2565,12,88062100,000,C62,มีน้ำหนักวิ่งขึ้นสูงสุดไม่มากกว่า 250 กรัม,1163,25274670,import
2565,12,88062200,000,C62,มีน้ำหนักวิ่งขึ้นสูงสุดมากกว่า 250 กรัม แต่ไม่มากกว่า 7 กิโลกรัม,323,22905967,import
2565,12,88062300,000,C62,มีน้ำหนักวิ่งขึ้นสูงสุดมากกว่า 7 กิโลกรัม แต่ไม่มากกว่า 25 กิโลกรัม,11,1043428,import
2565,12,88062400,000,C62,มีน้ำหนักวิ่งขึ้นสูงสุดมากกว่า 25 กิโลกรัม แต่ไม่มากกว่า 150 กิโลกรัม,31,4942416,import
2565,12,88062900,000,C62,อื่น ๆ,1552,34506735,import
2565,12,88069100,000,C62,มีน้ำหนักวิ่งขึ้นสูงสุดไม่มากกว่า 250 กรัม,1,5183,import
2565,12,88069300,000,C62,มีน้ำหนักวิ่งขึ้นสูงสุดมากกว่า 7 กิโลกรัม แต่ไม่มากกว่า 25 กิโลกรัม,10,5184911,import
2565,12,88069400,000,C62,มีน้ำหนักวิ่งขึ้นสูงสุดมากกว่า 25 กิโลกรัม แต่ไม่มากกว่า 150 กิโลกรัม,87,15971863,import
2565,12,88069900,000,C62,อื่น ๆ,16,1981370,import
2566,1,88062100,000,C62,มีน้ำหนักวิ่งขึ้นสูงสุดไม่มากกว่า 250 กรัม,444,7744936,import
2566,1,88062200,000,C62,มีน้ำหนักวิ่งขึ้นสูงสุดมากกว่า 250 กรัม แต่ไม่มากกว่า 7 กิโลกรัม,42,2087825,import
2566,1,88062900,000,C62,อื่น ๆ,1537,37751491,import
2566,1,88069400,000,C62,มีน้ำหนักวิ่งขึ้นสูงสุดมากกว่า 25 กิโลกรัม แต่ไม่มากกว่า 150 กิโลกรัม,225,29296545,import
2566,1,88069900,000,C62,อื่น ๆ,25,2026415,import
2566,2,88062100,000,C62,มีน้ำหนักวิ่งขึ้นสูงสุดไม่มากกว่า 250 กรัม,1743,28609984,import
2566,2,88062200,000,C62,มีน้ำหนักวิ่งขึ้นสูงสุดมากกว่า 250 กรัม แต่ไม่มากกว่า 7 กิโลกรัม,198,9733042,import
2566,2,88062300,000,C62,มีน้ำหนักวิ่งขึ้นสูงสุดมากกว่า 7 กิโลกรัม แต่ไม่มากกว่า 25 กิโลกรัม,3,261976,import
2566,2,88062400,000,C62,มีน้ำหนักวิ่งขึ้นสูงสุดมากกว่า 25 กิโลกรัม แต่ไม่มากกว่า 150 กิโลกรัม,170,26091697,import
2566,2,88062900,000,C62,อื่น ๆ,1899,36034077,import
2566,2,88069300,000,C62,มีน้ำหนักวิ่งขึ้นสูงสุดมากกว่า 7 กิโลกรัม แต่ไม่มากกว่า 25 กิโลกรัม,1,1043685,import
2566,2,88069400,000,C62,มีน้ำหนักวิ่งขึ้นสูงสุดมากกว่า 25 กิโลกรัม แต่ไม่มากกว่า 150 กิโลกรัม,120,12240817,import
2566,3,88062100,000,C62,มีน้ำหนักวิ่งขึ้นสูงสุดไม่มากกว่า 250 กรัม,954,16280493,import
2566,3,88062200,000,C62,มีน้ำหนักวิ่งขึ้นสูงสุดมากกว่า 250 กรัม แต่ไม่มากกว่า 7 กิโลกรัม,296,11753327,import
2566,3,88062300,000,C62,มีน้ำหนักวิ่งขึ้นสูงสุดมากกว่า 7 กิโลกรัม แต่ไม่มากกว่า 25 กิโลกรัม,2,270700,import
2566,3,88062900,000,C62,อื่น ๆ,1333,27960137,import
2566,3,88069200,000,C62,มีน้ำหนักวิ่งขึ้นสูงสุดมากกว่า 250 กรัม แต่ไม่มากกว่า 7 กิโลกรัม,5,490293,import
2566,3,88069300,000,C62,มีน้ำหนักวิ่งขึ้นสูงสุดมากกว่า 7 กิโลกรัม แต่ไม่มากกว่า 25 กิโลกรัม,1,1264463,import
2566,3,88069400,000,C62,มีน้ำหนักวิ่งขึ้นสูงสุดมากกว่า 25 กิโลกรัม แต่ไม่มากกว่า 150 กิโลกรัม,493,63916573,import
2566,3,88069900,000,C62,อื่น ๆ,28,2947927,import
2566,4,88062100,000,C62,มีน้ำหนักวิ่งขึ้นสูงสุดไม่มากกว่า 250 กรัม,807,16891459,import
2566,4,88062200,000,C62,มีน้ำหนักวิ่งขึ้นสูงสุดมากกว่า 250 กรัม แต่ไม่มากกว่า 7 กิโลกรัม,2767,205611936,import
2566,4,88062300,000,C62,มีน้ำหนักวิ่งขึ้นสูงสุดมากกว่า 7 กิโลกรัม แต่ไม่มากกว่า 25 กิโลกรัม,2,277743,import
2566,4,88062900,000,C62,อื่น ๆ,1595,51232548,import
2566,4,88069100,000,C62,มีน้ำหนักวิ่งขึ้นสูงสุดไม่มากกว่า 250 กรัม,2,66186,import
2566,4,88069400,000,C62,มีน้ำหนักวิ่งขึ้นสูงสุดมากกว่า 25 กิโลกรัม แต่ไม่มากกว่า 150 กิโลกรัม,207,27476305,import
2566,4,88069900,000,C62,อื่น ๆ,2,1160039,import
2566,5,88061000,000,C62,ที่ออกแบบสำหรับการขนส่งผู้โดยสาร,1,6355,import
2566,5,88062100,000,C62,มีน้ำหนักวิ่งขึ้นสูงสุดไม่มากกว่า 250 กรัม,99,1705347,import
2566,5,88062200,000,C62,มีน้ำหนักวิ่งขึ้นสูงสุดมากกว่า 250 กรัม แต่ไม่มากกว่า 7 กิโลกรัม,1264,70633919,import
2566,5,88062400,000,C62,มีน้ำหนักวิ่งขึ้นสูงสุดมากกว่า 25 กิโลกรัม แต่ไม่มากกว่า 150 กิโลกรัม,48,8664278,import
2566,5,88062900,000,C62,อื่น ๆ,722,24343644,import
2566,5,88069400,000,C62,มีน้ำหนักวิ่งขึ้นสูงสุดมากกว่า 25 กิโลกรัม แต่ไม่มากกว่า 150 กิโลกรัม,241,34055265,import
2566,5,88069900,000,C62,อื่น ๆ,56,35182426,import
2566,6,88062100,000,C62,มีน้ำหนักวิ่งขึ้นสูงสุดไม่มากกว่า 250 กรัม,247,2736592,import
2566,6,88062200,000,C62,มีน้ำหนักวิ่งขึ้นสูงสุดมากกว่า 250 กรัม แต่ไม่มากกว่า 7 กิโลกรัม,1933,174005811,import
2566,6,88062400,000,C62,มีน้ำหนักวิ่งขึ้นสูงสุดมากกว่า 25 กิโลกรัม แต่ไม่มากกว่า 150 กิโลกรัม,95,16182179,import
2566,6,88062900,000,C62,อื่น ๆ,437,13339931,import
2566,6,88069400,000,C62,มีน้ำหนักวิ่งขึ้นสูงสุดมากกว่า 25 กิโลกรัม แต่ไม่มากกว่า 150 กิโลกรัม,175,25506137,import
2566,6,88069900,000,C62,อื่น ๆ,16,1180857,import
2566,7,88062100,000,C62,มีน้ำหนักวิ่งขึ้นสูงสุดไม่มากกว่า 250 กรัม,1,24179,import
2566,7,88062200,000,C62,มีน้ำหนักวิ่งขึ้นสูงสุดมากกว่า 250 กรัม แต่ไม่มากกว่า 7 กิโลกรัม,1455,53297707,import
2566,7,88062300,000,C62,มีน้ำหนักวิ่งขึ้นสูงสุดมากกว่า 7 กิโลกรัม แต่ไม่มากกว่า 25 กิโลกรัม,2,171002,import
2566,7,88062400,000,C62,มีน้ำหนักวิ่งขึ้นสูงสุดมากกว่า 25 กิโลกรัม แต่ไม่มากกว่า 150 กิโลกรัม,125,15970307,import
2566,7,88062900,000,C62,อื่น ๆ,1159,21406527,import
2566,7,88069100,000,C62,มีน้ำหนักวิ่งขึ้นสูงสุดไม่มากกว่า 250 กรัม,1,3171,import
2566,7,88069200,000,C62,มีน้ำหนักวิ่งขึ้นสูงสุดมากกว่า 250 กรัม แต่ไม่มากกว่า 7 กิโลกรัม,1,12651,import
2566,7,88069400,000,C62,มีน้ำหนักวิ่งขึ้นสูงสุดมากกว่า 25 กิโลกรัม แต่ไม่มากกว่า 150 กิโลกรัม,288,38802412,import
2566,7,88069900,000,C62,อื่น ๆ,20,624019,import
2566,8,88062100,000,C62,มีน้ำหนักวิ่งขึ้นสูงสุดไม่มากกว่า 250 กรัม,8,212254,import
2566,8,88062200,000,C62,มีน้ำหนักวิ่งขึ้นสูงสุดมากกว่า 250 กรัม แต่ไม่มากกว่า 7 กิโลกรัม,1522,108673202,import
2566,8,88062300,000,C62,มีน้ำหนักวิ่งขึ้นสูงสุดมากกว่า 7 กิโลกรัม แต่ไม่มากกว่า 25 กิโลกรัม,1,1992516,import
2566,8,88062400,000,C62,มีน้ำหนักวิ่งขึ้นสูงสุดมากกว่า 25 กิโลกรัม แต่ไม่มากกว่า 150 กิโลกรัม,255,37829261,import
2566,8,88062900,000,C62,อื่น ๆ,1395,35323878,import
2566,8,88069400,000,C62,มีน้ำหนักวิ่งขึ้นสูงสุดมากกว่า 25 กิโลกรัม แต่ไม่มากกว่า 150 กิโลกรัม,365,53521798,import
2566,8,88069900,000,C62,อื่น ๆ,29,503667,import
2566,9,88061000,000,C62,ที่ออกแบบสำหรับการขนส่งผู้โดยสาร,2,1258,import
2566,9,88062100,000,C62,มีน้ำหนักวิ่งขึ้นสูงสุดไม่มากกว่า 250 กรัม,943,22949514,import
2566,9,88062200,000,C62,มีน้ำหนักวิ่งขึ้นสูงสุดมากกว่า 250 กรัม แต่ไม่มากกว่า 7 กิโลกรัม,3134,256623981,import
2566,9,88062300,000,C62,มีน้ำหนักวิ่งขึ้นสูงสุดมากกว่า 7 กิโลกรัม แต่ไม่มากกว่า 25 กิโลกรัม,1,46331,import
2566,9,88062900,000,C62,อื่น ๆ,1078,28570061,import
2566,9,88069100,000,C62,มีน้ำหนักวิ่งขึ้นสูงสุดไม่มากกว่า 250 กรัม,1,1134,import
2566,9,88069400,000,C62,มีน้ำหนักวิ่งขึ้นสูงสุดมากกว่า 25 กิโลกรัม แต่ไม่มากกว่า 150 กิโลกรัม,236,36095167,import
2566,9,88069900,000,C62,อื่น ๆ,2,44478,import
2566,10,88062100,000,C62,มีน้ำหนักวิ่งขึ้นสูงสุดไม่มากกว่า 250 กรัม,301,8471387,import
2566,10,88062200,000,C62,มีน้ำหนักวิ่งขึ้นสูงสุดมากกว่า 250 กรัม แต่ไม่มากกว่า 7 กิโลกรัม,4022,366273973,import
2566,10,88062300,000,C62,มีน้ำหนักวิ่งขึ้นสูงสุดมากกว่า 7 กิโลกรัม แต่ไม่มากกว่า 25 กิโลกรัม,1,1936948,import
2566,10,88062900,000,C62,อื่น ๆ,1447,39565620,import
2566,10,88069200,000,C62,มีน้ำหนักวิ่งขึ้นสูงสุดมากกว่า 250 กรัม แต่ไม่มากกว่า 7 กิโลกรัม,2,43553,import
2566,10,88069300,000,C62,มีน้ำหนักวิ่งขึ้นสูงสุดมากกว่า 7 กิโลกรัม แต่ไม่มากกว่า 25 กิโลกรัม,1,1134750,import
2566,10,88069400,000,C62,มีน้ำหนักวิ่งขึ้นสูงสุดมากกว่า 25 กิโลกรัม แต่ไม่มากกว่า 150 กิโลกรัม,107,14584134,import
2566,10,88069900,000,C62,อื่น ๆ,44,3035892,import
2566,11,88062100,000,C62,มีน้ำหนักวิ่งขึ้นสูงสุดไม่มากกว่า 250 กรัม,126,1729741,import
2566,11,88062200,000,C62,มีน้ำหนักวิ่งขึ้นสูงสุดมากกว่า 250 กรัม แต่ไม่มากกว่า 7 กิโลกรัม,1609,153659366,import
2566,11,88062400,000,C62,มีน้ำหนักวิ่งขึ้นสูงสุดมากกว่า 25 กิโลกรัม แต่ไม่มากกว่า 150 กิโลกรัม,101,16213489,import
2566,11,88062900,000,C62,อื่น ๆ,1427,35204298,import
2566,11,88069300,000,C62,มีน้ำหนักวิ่งขึ้นสูงสุดมากกว่า 7 กิโลกรัม แต่ไม่มากกว่า 25 กิโลกรัม,1,2302687,import
2566,11,88069400,000,C62,มีน้ำหนักวิ่งขึ้นสูงสุดมากกว่า 25 กิโลกรัม แต่ไม่มากกว่า 150 กิโลกรัม,424,57594838,import
2566,11,88069900,000,C62,อื่น ๆ,192,22019182,import
2566,12,88062100,000,C62,มีน้ำหนักวิ่งขึ้นสูงสุดไม่มากกว่า 250 กรัม,811,21636182,import
2566,12,88062200,000,C62,มีน้ำหนักวิ่งขึ้นสูงสุดมากกว่า 250 กรัม แต่ไม่มากกว่า 7 กิโลกรัม,101,614852,import
2566,12,88062300,000,C62,มีน้ำหนักวิ่งขึ้นสูงสุดมากกว่า 7 กิโลกรัม แต่ไม่มากกว่า 25 กิโลกรัม,1,1868550,import
2566,12,88062400,000,C62,มีน้ำหนักวิ่งขึ้นสูงสุดมากกว่า 25 กิโลกรัม แต่ไม่มากกว่า 150 กิโลกรัม,74,13854748,import
2566,12,88062900,000,C62,อื่น ๆ,1298,35517573,import
2566,12,88069100,000,C62,มีน้ำหนักวิ่งขึ้นสูงสุดไม่มากกว่า 250 กรัม,520,3860371,import
2566,12,88069200,000,C62,มีน้ำหนักวิ่งขึ้นสูงสุดมากกว่า 250 กรัม แต่ไม่มากกว่า 7 กิโลกรัม,570,4318622,import
2566,12,88069400,000,C62,มีน้ำหนักวิ่งขึ้นสูงสุดมากกว่า 25 กิโลกรัม แต่ไม่มากกว่า 150 กิโลกรัม,122,16641290,import
2566,12,88069900,000,C62,อื่น ๆ,206,14142280,import
2567,1,88062100,000,C62,มีน้ำหนักวิ่งขึ้นสูงสุดไม่มากกว่า 250 กรัม,338,9116630,import
2567,1,88062200,000,C62,มีน้ำหนักวิ่งขึ้นสูงสุดมากกว่า 250 กรัม แต่ไม่มากกว่า 7 กิโลกรัม,216,8522599,import
2567,1,88062400,000,C62,มีน้ำหนักวิ่งขึ้นสูงสุดมากกว่า 25 กิโลกรัม แต่ไม่มากกว่า 150 กิโลกรัม,42,9383628,import
2567,1,88062900,000,C62,อื่น ๆ,1575,38195498,import
2567,1,88069100,000,C62,มีน้ำหนักวิ่งขึ้นสูงสุดไม่มากกว่า 250 กรัม,480,3972358,import
2567,1,88069300,000,C62,มีน้ำหนักวิ่งขึ้นสูงสุดมากกว่า 7 กิโลกรัม แต่ไม่มากกว่า 25 กิโลกรัม,1,864969,import
2567,1,88069400,000,C62,มีน้ำหนักวิ่งขึ้นสูงสุดมากกว่า 25 กิโลกรัม แต่ไม่มากกว่า 150 กิโลกรัม,248,30973532,import
2567,1,88069900,000,C62,อื่น ๆ,289,22037303,import
2567,2,88062100,000,C62,มีน้ำหนักวิ่งขึ้นสูงสุดไม่มากกว่า 250 กรัม,2,34692,import
2567,2,88062200,000,C62,มีน้ำหนักวิ่งขึ้นสูงสุดมากกว่า 250 กรัม แต่ไม่มากกว่า 7 กิโลกรัม,2080,74420320,import
2567,2,88062300,000,C62,มีน้ำหนักวิ่งขึ้นสูงสุดมากกว่า 7 กิโลกรัม แต่ไม่มากกว่า 25 กิโลกรัม,3,1702460,import
2567,2,88062400,000,C62,มีน้ำหนักวิ่งขึ้นสูงสุดมากกว่า 25 กิโลกรัม แต่ไม่มากกว่า 150 กิโลกรัม,46,8314069,import
2567,2,88062900,000,C62,อื่น ๆ,1536,37883626,import
2567,2,88069100,000,C62,มีน้ำหนักวิ่งขึ้นสูงสุดไม่มากกว่า 250 กรัม,820,6311239,import
2567,2,88069400,000,C62,มีน้ำหนักวิ่งขึ้นสูงสุดมากกว่า 25 กิโลกรัม แต่ไม่มากกว่า 150 กิโลกรัม,128,20436401,import
2567,2,88069900,000,C62,อื่น ๆ,136,14045508,import
2567,3,88062100,000,C62,มีน้ำหนักวิ่งขึ้นสูงสุดไม่มากกว่า 250 กรัม,1028,26101880,import
2567,3,88062200,000,C62,มีน้ำหนักวิ่งขึ้นสูงสุดมากกว่า 250 กรัม แต่ไม่มากกว่า 7 กิโลกรัม,3639,130868922,import
2567,3,88062300,000,C62,มีน้ำหนักวิ่งขึ้นสูงสุดมากกว่า 7 กิโลกรัม แต่ไม่มากกว่า 25 กิโลกรัม,1,16082,import
2567,3,88062400,000,C62,มีน้ำหนักวิ่งขึ้นสูงสุดมากกว่า 25 กิโลกรัม แต่ไม่มากกว่า 150 กิโลกรัม,70,11270647,import
2567,3,88062900,000,C62,อื่น ๆ,2086,53139798,import
2567,3,88069100,000,C62,มีน้ำหนักวิ่งขึ้นสูงสุดไม่มากกว่า 250 กรัม,502,3899558,import
2567,3,88069300,000,C62,มีน้ำหนักวิ่งขึ้นสูงสุดมากกว่า 7 กิโลกรัม แต่ไม่มากกว่า 25 กิโลกรัม,1,44177,import
2567,3,88069400,000,C62,มีน้ำหนักวิ่งขึ้นสูงสุดมากกว่า 25 กิโลกรัม แต่ไม่มากกว่า 150 กิโลกรัม,141,22412036,import
2567,3,88069900,000,C62,อื่น ๆ,336,39751595,import
2567,4,88062100,000,C62,มีน้ำหนักวิ่งขึ้นสูงสุดไม่มากกว่า 250 กรัม,628,12152665,import
2567,4,88062200,000,C62,มีน้ำหนักวิ่งขึ้นสูงสุดมากกว่า 250 กรัม แต่ไม่มากกว่า 7 กิโลกรัม,2627,92393392,import
2567,4,88062400,000,C62,มีน้ำหนักวิ่งขึ้นสูงสุดมากกว่า 25 กิโลกรัม แต่ไม่มากกว่า 150 กิโลกรัม,176,29857001,import
2567,4,88062900,000,C62,อื่น ๆ,1909,36375619,import
2567,4,88069100,000,C62,มีน้ำหนักวิ่งขึ้นสูงสุดไม่มากกว่า 250 กรัม,200,1514686,import
2567,4,88069200,000,C62,มีน้ำหนักวิ่งขึ้นสูงสุดมากกว่า 250 กรัม แต่ไม่มากกว่า 7 กิโลกรัม,462,22261050,import
2567,4,88069400,000,C62,มีน้ำหนักวิ่งขึ้นสูงสุดมากกว่า 25 กิโลกรัม แต่ไม่มากกว่า 150 กิโลกรัม,625,87791740,import
2567,4,88069900,000,C62,อื่น ๆ,133,14821127,import
2567,5,88062100,000,C62,มีน้ำหนักวิ่งขึ้นสูงสุดไม่มากกว่า 250 กรัม,1499,30293372,import
2567,5,88062200,000,C62,มีน้ำหนักวิ่งขึ้นสูงสุดมากกว่า 250 กรัม แต่ไม่มากกว่า 7 กิโลกรัม,3477,132181539,import
2567,5,88062400,000,C62,มีน้ำหนักวิ่งขึ้นสูงสุดมากกว่า 25 กิโลกรัม แต่ไม่มากกว่า 150 กิโลกรัม,33,10480305,import
2567,5,88062900,000,C62,อื่น ๆ,1580,40471831,import
2567,5,88069100,000,C62,มีน้ำหนักวิ่งขึ้นสูงสุดไม่มากกว่า 250 กรัม,2100,16290388,import
2567,5,88069200,000,C62,มีน้ำหนักวิ่งขึ้นสูงสุดมากกว่า 250 กรัม แต่ไม่มากกว่า 7 กิโลกรัม,1,69276,import
2567,5,88069400,000,C62,มีน้ำหนักวิ่งขึ้นสูงสุดมากกว่า 25 กิโลกรัม แต่ไม่มากกว่า 150 กิโลกรัม,346,42119750,import
2567,5,88069900,000,C62,อื่น ๆ,271,27190469,import
2567,6,88062100,000,C62,มีน้ำหนักวิ่งขึ้นสูงสุดไม่มากกว่า 250 กรัม,94,1555610,import
2567,6,88062200,000,C62,มีน้ำหนักวิ่งขึ้นสูงสุดมากกว่า 250 กรัม แต่ไม่มากกว่า 7 กิโลกรัม,1293,46777154,import
2567,6,88062300,000,C62,มีน้ำหนักวิ่งขึ้นสูงสุดมากกว่า 7 กิโลกรัม แต่ไม่มากกว่า 25 กิโลกรัม,1,964,import
2567,6,88062400,000,C62,มีน้ำหนักวิ่งขึ้นสูงสุดมากกว่า 25 กิโลกรัม แต่ไม่มากกว่า 150 กิโลกรัม,200,36678043,import
2567,6,88062900,000,C62,อื่น ๆ,2189,49314936,import
2567,6,88069400,000,C62,มีน้ำหนักวิ่งขึ้นสูงสุดมากกว่า 25 กิโลกรัม แต่ไม่มากกว่า 150 กิโลกรัม,499,67169455,import
2567,6,88069900,000,C62,อื่น ๆ,498,49394520,import
2567,7,88062100,000,C62,มีน้ำหนักวิ่งขึ้นสูงสุดไม่มากกว่า 250 กรัม,530,12491937,import
2567,7,88062200,000,C62,มีน้ำหนักวิ่งขึ้นสูงสุดมากกว่า 250 กรัม แต่ไม่มากกว่า 7 กิโลกรัม,295,12728966,import
2567,7,88062300,000,C62,มีน้ำหนักวิ่งขึ้นสูงสุดมากกว่า 7 กิโลกรัม แต่ไม่มากกว่า 25 กิโลกรัม,1200,1578993,import
2567,7,88062400,000,C62,มีน้ำหนักวิ่งขึ้นสูงสุดมากกว่า 25 กิโลกรัม แต่ไม่มากกว่า 150 กิโลกรัม,293,64023839,import
2567,7,88062900,000,C62,อื่น ๆ,1563,38751159,import
2567,7,88069200,000,C62,มีน้ำหนักวิ่งขึ้นสูงสุดมากกว่า 250 กรัม แต่ไม่มากกว่า 7 กิโลกรัม,1,1416176,import
2567,7,88069400,000,C62,มีน้ำหนักวิ่งขึ้นสูงสุดมากกว่า 25 กิโลกรัม แต่ไม่มากกว่า 150 กิโลกรัม,567,79764205,import
2567,7,88069900,000,C62,อื่น ๆ,175,17602994,import
2567,8,88062100,000,C62,มีน้ำหนักวิ่งขึ้นสูงสุดไม่มากกว่า 250 กรัม,3319,33472107,import
2567,8,88062200,000,C62,มีน้ำหนักวิ่งขึ้นสูงสุดมากกว่า 250 กรัม แต่ไม่มากกว่า 7 กิโลกรัม,819,21826596,import
2567,8,88062400,000,C62,มีน้ำหนักวิ่งขึ้นสูงสุดมากกว่า 25 กิโลกรัม แต่ไม่มากกว่า 150 กิโลกรัม,115,18859592,import
2567,8,88062900,000,C62,อื่น ๆ,3533,43222533,import
2567,8,88069400,000,C62,มีน้ำหนักวิ่งขึ้นสูงสุดมากกว่า 25 กิโลกรัม แต่ไม่มากกว่า 150 กิโลกรัม,677,96998985,import
2567,8,88069900,000,C62,อื่น ๆ,525,56926713,import
2567,9,88062100,000,C62,มีน้ำหนักวิ่งขึ้นสูงสุดไม่มากกว่า 250 กรัม,293,2516331,import
2567,9,88062200,000,C62,มีน้ำหนักวิ่งขึ้นสูงสุดมากกว่า 250 กรัม แต่ไม่มากกว่า 7 กิโลกรัม,1349,31532939,import
2567,9,88062400,000,C62,มีน้ำหนักวิ่งขึ้นสูงสุดมากกว่า 25 กิโลกรัม แต่ไม่มากกว่า 150 กิโลกรัม,132,28046478,import
2567,9,88062900,000,C62,อื่น ๆ,1882,25640627,import
2567,9,88069100,000,C62,มีน้ำหนักวิ่งขึ้นสูงสุดไม่มากกว่า 250 กรัม,1,3927,import
2567,9,88069400,000,C62,มีน้ำหนักวิ่งขึ้นสูงสุดมากกว่า 25 กิโลกรัม แต่ไม่มากกว่า 150 กิโลกรัม,329,60197386,import
2567,9,88069900,000,C62,อื่น ๆ,21,2336730,import
2567,10,88062100,000,C62,มีน้ำหนักวิ่งขึ้นสูงสุดไม่มากกว่า 250 กรัม,1057,7131450,import
2567,10,88062200,000,C62,มีน้ำหนักวิ่งขึ้นสูงสุดมากกว่า 250 กรัม แต่ไม่มากกว่า 7 กิโลกรัม,2341,97528703,import
2567,10,88062300,000,C62,มีน้ำหนักวิ่งขึ้นสูงสุดมากกว่า 7 กิโลกรัม แต่ไม่มากกว่า 25 กิโลกรัม,1,1315262,import
2567,10,88062900,000,C62,อื่น ๆ,4564,61813250,import
2567,10,88069200,000,C62,มีน้ำหนักวิ่งขึ้นสูงสุดมากกว่า 250 กรัม แต่ไม่มากกว่า 7 กิโลกรัม,1,295459,import
2567,10,88069400,000,C62,มีน้ำหนักวิ่งขึ้นสูงสุดมากกว่า 25 กิโลกรัม แต่ไม่มากกว่า 150 กิโลกรัม,346,53613305,import
2567,10,88069900,000,C62,อื่น ๆ,400,38447362,import
2567,11,88062100,000,C62,มีน้ำหนักวิ่งขึ้นสูงสุดไม่มากกว่า 250 กรัม,1205,16625316,import
2567,11,88062200,000,C62,มีน้ำหนักวิ่งขึ้นสูงสุดมากกว่า 250 กรัม แต่ไม่มากกว่า 7 กิโลกรัม,1039,63995002,import
2567,11,88062300,000,C62,มีน้ำหนักวิ่งขึ้นสูงสุดมากกว่า 7 กิโลกรัม แต่ไม่มากกว่า 25 กิโลกรัม,1701,2292113,import
2567,11,88062400,000,C62,มีน้ำหนักวิ่งขึ้นสูงสุดมากกว่า 25 กิโลกรัม แต่ไม่มากกว่า 150 กิโลกรัม,114,14859838,import
2567,11,88062900,000,C62,อื่น ๆ,3633,63637403,import
2567,11,88069100,000,C62,มีน้ำหนักวิ่งขึ้นสูงสุดไม่มากกว่า 250 กรัม,4,13000,import
2567,11,88069200,000,C62,มีน้ำหนักวิ่งขึ้นสูงสุดมากกว่า 250 กรัม แต่ไม่มากกว่า 7 กิโลกรัม,2053,21655238,import
2567,11,88069300,000,C62,มีน้ำหนักวิ่งขึ้นสูงสุดมากกว่า 7 กิโลกรัม แต่ไม่มากกว่า 25 กิโลกรัม,1,719913,import
2567,11,88069400,000,C62,มีน้ำหนักวิ่งขึ้นสูงสุดมากกว่า 25 กิโลกรัม แต่ไม่มากกว่า 150 กิโลกรัม,208,28920798,import
2567,11,88069900,000,C62,อื่น ๆ,699,70498950,import
2567,12,88061000,000,C62,ที่ออกแบบสำหรับการขนส่งผู้โดยสาร,2,15646,import
2567,12,88062100,000,C62,มีน้ำหนักวิ่งขึ้นสูงสุดไม่มากกว่า 250 กรัม,6574,61691950,import
2567,12,88062200,000,C62,มีน้ำหนักวิ่งขึ้นสูงสุดมากกว่า 250 กรัม แต่ไม่มากกว่า 7 กิโลกรัม,4755,329702045,import
2567,12,88062300,000,C62,มีน้ำหนักวิ่งขึ้นสูงสุดมากกว่า 7 กิโลกรัม แต่ไม่มากกว่า 25 กิโลกรัม,1328,17106860,import
2567,12,88062400,000,C62,มีน้ำหนักวิ่งขึ้นสูงสุดมากกว่า 25 กิโลกรัม แต่ไม่มากกว่า 150 กิโลกรัม,115,14972009,import
2567,12,88062900,000,C62,อื่น ๆ,3382,44262059,import
2567,12,88069100,000,C62,มีน้ำหนักวิ่งขึ้นสูงสุดไม่มากกว่า 250 กรัม,400,5486972,import
2567,12,88069400,000,C62,มีน้ำหนักวิ่งขึ้นสูงสุดมากกว่า 25 กิโลกรัม แต่ไม่มากกว่า 150 กิโลกรัม,195,24563409,import
2567,12,88069900,000,C62,อื่น ๆ,629,19949709,import
2568,1,88062100,000,C62,มีน้ำหนักวิ่งขึ้นสูงสุดไม่มากกว่า 250 กรัม,719,12176583,import
2568,1,88062200,000,C62,มีน้ำหนักวิ่งขึ้นสูงสุดมากกว่า 250 กรัม แต่ไม่มากกว่า 7 กิโลกรัม,2429,204693444,import
2568,1,88062400,000,C62,มีน้ำหนักวิ่งขึ้นสูงสุดมากกว่า 25 กิโลกรัม แต่ไม่มากกว่า 150 กิโลกรัม,265,35865737,import
2568,1,88062900,000,C62,อื่น ๆ,5733,84676533,import
2568,1,88069400,000,C62,มีน้ำหนักวิ่งขึ้นสูงสุดมากกว่า 25 กิโลกรัม แต่ไม่มากกว่า 150 กิโลกรัม,346,56909379,import
2568,1,88069900,000,C62,อื่น ๆ,329,32014777,import
2568,2,88062100,000,C62,มีน้ำหนักวิ่งขึ้นสูงสุดไม่มากกว่า 250 กรัม,2028,29707350,import
2568,2,88062200,000,C62,มีน้ำหนักวิ่งขึ้นสูงสุดมากกว่า 250 กรัม แต่ไม่มากกว่า 7 กิโลกรัม,2821,174906604,import
2568,2,88062300,000,C62,มีน้ำหนักวิ่งขึ้นสูงสุดมากกว่า 7 กิโลกรัม แต่ไม่มากกว่า 25 กิโลกรัม,2,604569,import
2568,2,88062400,000,C62,มีน้ำหนักวิ่งขึ้นสูงสุดมากกว่า 25 กิโลกรัม แต่ไม่มากกว่า 150 กิโลกรัม,16,2578039,import
2568,2,88062900,000,C62,อื่น ๆ,3147,83285883,import
2568,2,88069100,000,C62,มีน้ำหนักวิ่งขึ้นสูงสุดไม่มากกว่า 250 กรัม,120,2052902,import
2568,2,88069200,000,C62,มีน้ำหนักวิ่งขึ้นสูงสุดมากกว่า 250 กรัม แต่ไม่มากกว่า 7 กิโลกรัม,410,2687914,import
2568,2,88069400,000,C62,มีน้ำหนักวิ่งขึ้นสูงสุดมากกว่า 25 กิโลกรัม แต่ไม่มากกว่า 150 กิโลกรัม,376,51568243,import
2568,2,88069900,000,C62,อื่น ๆ,94,13164079,import
2568,3,88062100,000,C62,มีน้ำหนักวิ่งขึ้นสูงสุดไม่มากกว่า 250 กรัม,2186,38392185,import
2568,3,88062200,000,C62,มีน้ำหนักวิ่งขึ้นสูงสุดมากกว่า 250 กรัม แต่ไม่มากกว่า 7 กิโลกรัม,2051,2122453295,import
2568,3,88062400,000,C62,มีน้ำหนักวิ่งขึ้นสูงสุดมากกว่า 25 กิโลกรัม แต่ไม่มากกว่า 150 กิโลกรัม,138,29674302,import
2568,3,88062900,000,C62,อื่น ๆ,1993,44087034,import
2568,3,88069100,000,C62,มีน้ำหนักวิ่งขึ้นสูงสุดไม่มากกว่า 250 กรัม,1,19761,import
2568,3,88069200,000,C62,มีน้ำหนักวิ่งขึ้นสูงสุดมากกว่า 250 กรัม แต่ไม่มากกว่า 7 กิโลกรัม,1,37111,import
2568,3,88069300,000,C62,มีน้ำหนักวิ่งขึ้นสูงสุดมากกว่า 7 กิโลกรัม แต่ไม่มากกว่า 25 กิโลกรัม,289,16777405,import
2568,3,88069400,000,C62,มีน้ำหนักวิ่งขึ้นสูงสุดมากกว่า 25 กิโลกรัม แต่ไม่มากกว่า 150 กิโลกรัม,122,20745903,import
2568,3,88069900,000,C62,อื่น ๆ,409,46479712,import
2568,4,88062100,000,C62,มีน้ำหนักวิ่งขึ้นสูงสุดไม่มากกว่า 250 กรัม,1108,18070036,import
2568,4,88062200,000,C62,มีน้ำหนักวิ่งขึ้นสูงสุดมากกว่า 250 กรัม แต่ไม่มากกว่า 7 กิโลกรัม,954,66300627,import
2568,4,88062300,000,C62,มีน้ำหนักวิ่งขึ้นสูงสุดมากกว่า 7 กิโลกรัม แต่ไม่มากกว่า 25 กิโลกรัม,10,3829952,import
2568,4,88062400,000,C62,มีน้ำหนักวิ่งขึ้นสูงสุดมากกว่า 25 กิโลกรัม แต่ไม่มากกว่า 150 กิโลกรัม,70,16079464,import
2568,4,88062900,000,C62,อื่น ๆ,1771,32721878,import
2568,4,88069400,000,C62,มีน้ำหนักวิ่งขึ้นสูงสุดมากกว่า 25 กิโลกรัม แต่ไม่มากกว่า 150 กิโลกรัม,8,4169741,import
2568,4,88069900,000,C62,อื่น ๆ,237,109198549,import
2568,5,88062100,000,C62,มีน้ำหนักวิ่งขึ้นสูงสุดไม่มากกว่า 250 กรัม,444,6541095,import
2568,5,88062200,000,C62,มีน้ำหนักวิ่งขึ้นสูงสุดมากกว่า 250 กรัม แต่ไม่มากกว่า 7 กิโลกรัม,299,29591052,import
2568,5,88062900,000,C62,อื่น ๆ,1689,49284465,import
2568,5,88069100,000,C62,มีน้ำหนักวิ่งขึ้นสูงสุดไม่มากกว่า 250 กรัม,2,598,import
2568,5,88069300,000,C62,มีน้ำหนักวิ่งขึ้นสูงสุดมากกว่า 7 กิโลกรัม แต่ไม่มากกว่า 25 กิโลกรัม,384,59792965,import
2568,5,88069900,000,C62,อื่น ๆ,389,39223323,import
2568,6,88062100,000,C62,มีน้ำหนักวิ่งขึ้นสูงสุดไม่มากกว่า 250 กรัม,522,7750015,import
2568,6,88062200,000,C62,มีน้ำหนักวิ่งขึ้นสูงสุดมากกว่า 250 กรัม แต่ไม่มากกว่า 7 กิโลกรัม,1181,55009740,import
2568,6,88062400,000,C62,มีน้ำหนักวิ่งขึ้นสูงสุดมากกว่า 25 กิโลกรัม แต่ไม่มากกว่า 150 กิโลกรัม,170,26267320,import
2568,6,88062900,000,C62,อื่น ๆ,2677,48644783,import
2568,6,88069100,000,C62,มีน้ำหนักวิ่งขึ้นสูงสุดไม่มากกว่า 250 กรัม,1200,6137679,import
2568,6,88069200,000,C62,มีน้ำหนักวิ่งขึ้นสูงสุดมากกว่า 250 กรัม แต่ไม่มากกว่า 7 กิโลกรัม,1,1085703,import
2568,6,88069300,000,C62,มีน้ำหนักวิ่งขึ้นสูงสุดมากกว่า 7 กิโลกรัม แต่ไม่มากกว่า 25 กิโลกรัม,21646,444952373,import
2568,6,88069900,000,C62,อื่น ๆ,279,27544717,import
2568,7,88062100,000,C62,มีน้ำหนักวิ่งขึ้นสูงสุดไม่มากกว่า 250 กรัม,547,6314090,import
2568,7,88062200,000,C62,มีน้ำหนักวิ่งขึ้นสูงสุดมากกว่า 250 กรัม แต่ไม่มากกว่า 7 กิโลกรัม,130,8270156,import
2568,7,88062400,000,C62,มีน้ำหนักวิ่งขึ้นสูงสุดมากกว่า 25 กิโลกรัม แต่ไม่มากกว่า 150 กิโลกรัม,432,79853012,import
2568,7,88062900,000,C62,อื่น ๆ,1246,20441692,import
2568,7,88069300,000,C62,มีน้ำหนักวิ่งขึ้นสูงสุดมากกว่า 7 กิโลกรัม แต่ไม่มากกว่า 25 กิโลกรัม,17335,148384786,import
2568,7,88069900,000,C62,อื่น ๆ,470,44109639,import
2568,8,88062100,000,C62,มีน้ำหนักวิ่งขึ้นสูงสุดไม่มากกว่า 250 กรัม,12290,3689236,import
2568,8,88062200,000,C62,มีน้ำหนักวิ่งขึ้นสูงสุดมากกว่า 250 กรัม แต่ไม่มากกว่า 7 กิโลกรัม,104,3767670,import
2568,8,88062300,000,C62,มีน้ำหนักวิ่งขึ้นสูงสุดมากกว่า 7 กิโลกรัม แต่ไม่มากกว่า 25 กิโลกรัม,10,80694334,import
2568,8,88062400,000,C62,มีน้ำหนักวิ่งขึ้นสูงสุดมากกว่า 25 กิโลกรัม แต่ไม่มากกว่า 150 กิโลกรัม,585,61563211,import
2568,8,88062900,000,C62,อื่น ๆ,1595,22554874,import
2568,8,88069100,000,C62,มีน้ำหนักวิ่งขึ้นสูงสุดไม่มากกว่า 250 กรัม,502,3439065,import
2568,8,88069300,000,C62,มีน้ำหนักวิ่งขึ้นสูงสุดมากกว่า 7 กิโลกรัม แต่ไม่มากกว่า 25 กิโลกรัม,6207,475361700,import
2568,8,88069400,000,C62,มีน้ำหนักวิ่งขึ้นสูงสุดมากกว่า 25 กิโลกรัม แต่ไม่มากกว่า 150 กิโลกรัม,573,64304898,import
2568,8,88069900,000,C62,อื่น ๆ,375,64739378,import
2568,9,88061000,000,C62,ที่ออกแบบสำหรับการขนส่งผู้โดยสาร,1,9991060,import
2568,9,88062100,000,C62,มีน้ำหนักวิ่งขึ้นสูงสุดไม่มากกว่า 250 กรัม,1663,39618814,import
2568,9,88062200,000,C62,มีน้ำหนักวิ่งขึ้นสูงสุดมากกว่า 250 กรัม แต่ไม่มากกว่า 7 กิโลกรัม,121,10594050,import
2568,9,88062400,000,C62,มีน้ำหนักวิ่งขึ้นสูงสุดมากกว่า 25 กิโลกรัม แต่ไม่มากกว่า 150 กิโลกรัม,620,63252299,import
2568,9,88062900,000,C62,อื่น ๆ,1374,39240831,import
2568,9,88069100,000,C62,มีน้ำหนักวิ่งขึ้นสูงสุดไม่มากกว่า 250 กรัม,301,2089664,import
2568,9,88069300,000,C62,มีน้ำหนักวิ่งขึ้นสูงสุดมากกว่า 7 กิโลกรัม แต่ไม่มากกว่า 25 กิโลกรัม,3364,336320591,import
2568,9,88069400,000,C62,มีน้ำหนักวิ่งขึ้นสูงสุดมากกว่า 25 กิโลกรัม แต่ไม่มากกว่า 150 กิโลกรัม,154,92358889,import
2568,9,88069900,000,C62,อื่น ๆ,450,41035936,import
2568,10,88061000,000,C62,ที่ออกแบบสำหรับการขนส่งผู้โดยสาร,2,216791,import
2568,10,88062100,000,C62,มีน้ำหนักวิ่งขึ้นสูงสุดไม่มากกว่า 250 กรัม,8,67055,import
2568,10,88062200,000,C62,มีน้ำหนักวิ่งขึ้นสูงสุดมากกว่า 250 กรัม แต่ไม่มากกว่า 7 กิโลกรัม,1,1680,import
2568,10,88062400,000,C62,มีน้ำหนักวิ่งขึ้นสูงสุดมากกว่า 25 กิโลกรัม แต่ไม่มากกว่า 150 กิโลกรัม,620,54632750,import
2568,10,88062900,000,C62,อื่น ๆ,1285,12237596,import
2568,10,88069100,000,C62,มีน้ำหนักวิ่งขึ้นสูงสุดไม่มากกว่า 250 กรัม,1,27280,import
2568,10,88069200,000,C62,มีน้ำหนักวิ่งขึ้นสูงสุดมากกว่า 250 กรัม แต่ไม่มากกว่า 7 กิโลกรัม,1,27280,import
2568,10,88069300,000,C62,มีน้ำหนักวิ่งขึ้นสูงสุดมากกว่า 7 กิโลกรัม แต่ไม่มากกว่า 25 กิโลกรัม,3506,236886366,import
2568,10,88069400,000,C62,มีน้ำหนักวิ่งขึ้นสูงสุดมากกว่า 25 กิโลกรัม แต่ไม่มากกว่า 150 กิโลกรัม,243,24007314,import
2568,10,88069900,000,C62,อื่น ๆ,313,31616648,import
2568,11,88062100,000,C62,มีน้ำหนักวิ่งขึ้นสูงสุดไม่มากกว่า 250 กรัม,24,124884,import
2568,11,88062200,000,C62,มีน้ำหนักวิ่งขึ้นสูงสุดมากกว่า 250 กรัม แต่ไม่มากกว่า 7 กิโลกรัม,6358,4036872,import
2568,11,88062300,000,C62,มีน้ำหนักวิ่งขึ้นสูงสุดมากกว่า 7 กิโลกรัม แต่ไม่มากกว่า 25 กิโลกรัม,360,285607,import
2568,11,88062400,000,C62,มีน้ำหนักวิ่งขึ้นสูงสุดมากกว่า 25 กิโลกรัม แต่ไม่มากกว่า 150 กิโลกรัม,525,50126896,import
2568,11,88062900,000,C62,อื่น ๆ,1455,35332582,import
2568,11,88069200,000,C62,มีน้ำหนักวิ่งขึ้นสูงสุดมากกว่า 250 กรัม แต่ไม่มากกว่า 7 กิโลกรัม,1,592938,import
2568,11,88069300,000,C62,มีน้ำหนักวิ่งขึ้นสูงสุดมากกว่า 7 กิโลกรัม แต่ไม่มากกว่า 25 กิโลกรัม,39,449326,import
2568,11,88069400,000,C62,มีน้ำหนักวิ่งขึ้นสูงสุดมากกว่า 25 กิโลกรัม แต่ไม่มากกว่า 150 กิโลกรัม,500,62278286,import
2568,11,88069900,000,C62,อื่น ๆ,627,15020717,import
2568,12,88062100,000,C62,มีน้ำหนักวิ่งขึ้นสูงสุดไม่มากกว่า 250 กรัม,165,1394367,import
2568,12,88062200,000,C62,มีน้ำหนักวิ่งขึ้นสูงสุดมากกว่า 250 กรัม แต่ไม่มากกว่า 7 กิโลกรัม,9056,270143911,import
2568,12,88062300,000,C62,มีน้ำหนักวิ่งขึ้นสูงสุดมากกว่า 7 กิโลกรัม แต่ไม่มากกว่า 25 กิโลกรัม,467,1731810,import
2568,12,88062400,000,C62,มีน้ำหนักวิ่งขึ้นสูงสุดมากกว่า 25 กิโลกรัม แต่ไม่มากกว่า 150 กิโลกรัม,386,35043213,import
2568,12,88062900,000,C62,อื่น ๆ,2138,27032115,import
2568,12,88069200,000,C62,มีน้ำหนักวิ่งขึ้นสูงสุดมากกว่า 250 กรัม แต่ไม่มากกว่า 7 กิโลกรัม,354,2953316,import
2568,12,88069400,000,C62,มีน้ำหนักวิ่งขึ้นสูงสุดมากกว่า 25 กิโลกรัม แต่ไม่มากกว่า 150 กิโลกรัม,140,18815672,import
2568,12,88069900,000,C62,อื่น ๆ,206,39519901,import
2569,1,88062100,000,C62,มีน้ำหนักวิ่งขึ้นสูงสุดไม่มากกว่า 250 กรัม,435,2260959,import
2569,1,88062200,000,C62,มีน้ำหนักวิ่งขึ้นสูงสุดมากกว่า 250 กรัม แต่ไม่มากกว่า 7 กิโลกรัม,620,10864308,import
2569,1,88062300,000,C62,มีน้ำหนักวิ่งขึ้นสูงสุดมากกว่า 7 กิโลกรัม แต่ไม่มากกว่า 25 กิโลกรัม,16,2384267,import
2569,1,88062400,000,C62,มีน้ำหนักวิ่งขึ้นสูงสุดมากกว่า 25 กิโลกรัม แต่ไม่มากกว่า 150 กิโลกรัม,462,39566319,import
2569,1,88062900,000,C62,อื่น ๆ,1189,22728486,import
2569,1,88069200,000,C62,มีน้ำหนักวิ่งขึ้นสูงสุดมากกว่า 250 กรัม แต่ไม่มากกว่า 7 กิโลกรัม,4,2598257,import
2569,1,88069400,000,C62,มีน้ำหนักวิ่งขึ้นสูงสุดมากกว่า 25 กิโลกรัม แต่ไม่มากกว่า 150 กิโลกรัม,41,2098888,import
2569,1,88069900,000,C62,อื่น ๆ,34,9069885,import
2569,2,88062100,000,C62,มีน้ำหนักวิ่งขึ้นสูงสุดไม่มากกว่า 250 กรัม,5,32590,import
2569,2,88062200,000,C62,มีน้ำหนักวิ่งขึ้นสูงสุดมากกว่า 250 กรัม แต่ไม่มากกว่า 7 กิโลกรัม,139,13394025,import
2569,2,88062300,000,C62,มีน้ำหนักวิ่งขึ้นสูงสุดมากกว่า 7 กิโลกรัม แต่ไม่มากกว่า 25 กิโลกรัม,22,2444092,import
2569,2,88062400,000,C62,มีน้ำหนักวิ่งขึ้นสูงสุดมากกว่า 25 กิโลกรัม แต่ไม่มากกว่า 150 กิโลกรัม,265,39189127,import
2569,2,88062900,000,C62,อื่น ๆ,808,16830412,import
2569,2,88069200,000,C62,มีน้ำหนักวิ่งขึ้นสูงสุดมากกว่า 250 กรัม แต่ไม่มากกว่า 7 กิโลกรัม,747,46704286,import
2569,2,88069400,000,C62,มีน้ำหนักวิ่งขึ้นสูงสุดมากกว่า 25 กิโลกรัม แต่ไม่มากกว่า 150 กิโลกรัม,30,1202880,import
2569,2,88069900,000,C62,อื่น ๆ,236,34795641,import
2569,3,88062100,000,C62,มีน้ำหนักวิ่งขึ้นสูงสุดไม่มากกว่า 250 กรัม,272,4331026,import
2569,3,88062200,000,C62,มีน้ำหนักวิ่งขึ้นสูงสุดมากกว่า 250 กรัม แต่ไม่มากกว่า 7 กิโลกรัม,525,21951921,import
2569,3,88062400,000,C62,มีน้ำหนักวิ่งขึ้นสูงสุดมากกว่า 25 กิโลกรัม แต่ไม่มากกว่า 150 กิโลกรัม,290,20142672,import
2569,3,88062900,000,C62,อื่น ๆ,1746,36415185,import
2569,3,88069100,000,C62,มีน้ำหนักวิ่งขึ้นสูงสุดไม่มากกว่า 250 กรัม,1,3515,import
2569,3,88069400,000,C62,มีน้ำหนักวิ่งขึ้นสูงสุดมากกว่า 25 กิโลกรัม แต่ไม่มากกว่า 150 กิโลกรัม,1,9493081,import
2569,3,88069900,000,C62,อื่น ๆ,24,2050284,import
2569,4,88062100,000,C62,มีน้ำหนักวิ่งขึ้นสูงสุดไม่มากกว่า 250 กรัม,1108,10401061,import
2569,4,88062200,000,C62,มีน้ำหนักวิ่งขึ้นสูงสุดมากกว่า 250 กรัม แต่ไม่มากกว่า 7 กิโลกรัม,409,10558443,import
2569,4,88062300,000,C62,มีน้ำหนักวิ่งขึ้นสูงสุดมากกว่า 7 กิโลกรัม แต่ไม่มากกว่า 25 กิโลกรัม,22513,2335317,import
2569,4,88062400,000,C62,มีน้ำหนักวิ่งขึ้นสูงสุดมากกว่า 25 กิโลกรัม แต่ไม่มากกว่า 150 กิโลกรัม,451,30154804,import
2569,4,88062900,000,C62,อื่น ๆ,2256,46939789,import
2569,4,88069200,000,C62,มีน้ำหนักวิ่งขึ้นสูงสุดมากกว่า 250 กรัม แต่ไม่มากกว่า 7 กิโลกรัม,1,105618,import
2569,4,88069400,000,C62,มีน้ำหนักวิ่งขึ้นสูงสุดมากกว่า 25 กิโลกรัม แต่ไม่มากกว่า 150 กิโลกรัม,43,5004549,import
2569,4,88069900,000,C62,อื่น ๆ,13,2854963,import
2569,5,88062100,000,C62,มีน้ำหนักวิ่งขึ้นสูงสุดไม่มากกว่า 250 กรัม,1,4173,import
2569,5,88062200,000,C62,มีน้ำหนักวิ่งขึ้นสูงสุดมากกว่า 250 กรัม แต่ไม่มากกว่า 7 กิโลกรัม,821,51238795,import
2569,5,88062400,000,C62,มีน้ำหนักวิ่งขึ้นสูงสุดมากกว่า 25 กิโลกรัม แต่ไม่มากกว่า 150 กิโลกรัม,337,30027136,import
2569,5,88062900,000,C62,อื่น ๆ,2040,49237870,import
2569,5,88069300,000,C62,มีน้ำหนักวิ่งขึ้นสูงสุดมากกว่า 7 กิโลกรัม แต่ไม่มากกว่า 25 กิโลกรัม,4,26372909,import
2569,5,88069400,000,C62,มีน้ำหนักวิ่งขึ้นสูงสุดมากกว่า 25 กิโลกรัม แต่ไม่มากกว่า 150 กิโลกรัม,84,9680832,import
2569,5,88069900,000,C62,อื่น ๆ,127,14169207,import
2565,1,88062100,000,C62,มีน้ำหนักวิ่งขึ้นสูงสุดไม่มากกว่า 250 กรัม,3,106071,export
2565,2,88069900,000,C62,อื่น ๆ,30,293500,export
2565,5,88069900,000,C62,อื่น ๆ,5,17961,export
2565,6,88062300,000,C62,มีน้ำหนักวิ่งขึ้นสูงสุดมากกว่า 7 กิโลกรัม แต่ไม่มากกว่า 25 กิโลกรัม,1,102506,export
2565,6,88069400,000,C62,มีน้ำหนักวิ่งขึ้นสูงสุดมากกว่า 25 กิโลกรัม แต่ไม่มากกว่า 150 กิโลกรัม,50,7354834,export
2565,6,88069900,000,C62,อื่น ๆ,1,8667,export
2565,7,88069400,000,C62,มีน้ำหนักวิ่งขึ้นสูงสุดมากกว่า 25 กิโลกรัม แต่ไม่มากกว่า 150 กิโลกรัม,60,8551540,export
2565,7,88069900,000,C62,อื่น ๆ,1,125651,export
2565,8,88069900,000,C62,อื่น ๆ,1,2526729,export
2565,9,88069900,000,C62,อื่น ๆ,1,17825,export
2565,10,88062400,000,C62,มีน้ำหนักวิ่งขึ้นสูงสุดมากกว่า 25 กิโลกรัม แต่ไม่มากกว่า 150 กิโลกรัม,16,5821716,export
2565,10,88069900,000,C62,อื่น ๆ,3,905181,export
2565,11,88062400,000,C62,มีน้ำหนักวิ่งขึ้นสูงสุดมากกว่า 25 กิโลกรัม แต่ไม่มากกว่า 150 กิโลกรัม,10,3536594,export
2565,11,88069300,000,C62,มีน้ำหนักวิ่งขึ้นสูงสุดมากกว่า 7 กิโลกรัม แต่ไม่มากกว่า 25 กิโลกรัม,1,45519,export
2565,11,88069900,000,C62,อื่น ๆ,2,172586,export
2565,12,88062400,000,C62,มีน้ำหนักวิ่งขึ้นสูงสุดมากกว่า 25 กิโลกรัม แต่ไม่มากกว่า 150 กิโลกรัม,10,3988702,export
2565,12,88069900,000,C62,อื่น ๆ,10,60000,export
2566,1,88062400,000,C62,มีน้ำหนักวิ่งขึ้นสูงสุดมากกว่า 25 กิโลกรัม แต่ไม่มากกว่า 150 กิโลกรัม,1,465090,export
2566,1,88069300,000,C62,มีน้ำหนักวิ่งขึ้นสูงสุดมากกว่า 7 กิโลกรัม แต่ไม่มากกว่า 25 กิโลกรัม,6,1882864,export
2566,1,88069900,000,C62,อื่น ๆ,1,346,export
2566,2,88062400,000,C62,มีน้ำหนักวิ่งขึ้นสูงสุดมากกว่า 25 กิโลกรัม แต่ไม่มากกว่า 150 กิโลกรัม,1,294319,export
2566,2,88069300,000,C62,มีน้ำหนักวิ่งขึ้นสูงสุดมากกว่า 7 กิโลกรัม แต่ไม่มากกว่า 25 กิโลกรัม,12,1782268,export
2566,2,88069900,000,C62,อื่น ๆ,3,494472,export
2566,3,88062400,000,C62,มีน้ำหนักวิ่งขึ้นสูงสุดมากกว่า 25 กิโลกรัม แต่ไม่มากกว่า 150 กิโลกรัม,1,294319,export
2566,3,88069300,000,C62,มีน้ำหนักวิ่งขึ้นสูงสุดมากกว่า 7 กิโลกรัม แต่ไม่มากกว่า 25 กิโลกรัม,10,1685450,export
2566,3,88069900,000,C62,อื่น ๆ,1,470000,export
2566,4,88062200,000,C62,มีน้ำหนักวิ่งขึ้นสูงสุดมากกว่า 250 กรัม แต่ไม่มากกว่า 7 กิโลกรัม,2687,200769469,export
2566,4,88062400,000,C62,มีน้ำหนักวิ่งขึ้นสูงสุดมากกว่า 25 กิโลกรัม แต่ไม่มากกว่า 150 กิโลกรัม,1,318424,export
2566,4,88069300,000,C62,มีน้ำหนักวิ่งขึ้นสูงสุดมากกว่า 7 กิโลกรัม แต่ไม่มากกว่า 25 กิโลกรัม,12,2129540,export
2566,5,88061000,000,C62,ที่ออกแบบสำหรับการขนส่งผู้โดยสาร,1,6277,export
2566,5,88062200,000,C62,มีน้ำหนักวิ่งขึ้นสูงสุดมากกว่า 250 กรัม แต่ไม่มากกว่า 7 กิโลกรัม,688,51640097,export
2566,5,88069300,000,C62,มีน้ำหนักวิ่งขึ้นสูงสุดมากกว่า 7 กิโลกรัม แต่ไม่มากกว่า 25 กิโลกรัม,10,1618633,export
2566,5,88069900,000,C62,อื่น ๆ,4,73420,export
2566,6,88062200,000,C62,มีน้ำหนักวิ่งขึ้นสูงสุดมากกว่า 250 กรัม แต่ไม่มากกว่า 7 กิโลกรัม,1170,105042019,export
2566,6,88069300,000,C62,มีน้ำหนักวิ่งขึ้นสูงสุดมากกว่า 7 กิโลกรัม แต่ไม่มากกว่า 25 กิโลกรัม,8,1796033,export
2566,6,88069900,000,C62,อื่น ๆ,21,3239365,export
2566,7,88062200,000,C62,มีน้ำหนักวิ่งขึ้นสูงสุดมากกว่า 250 กรัม แต่ไม่มากกว่า 7 กิโลกรัม,1954,121997509,export
2566,7,88069300,000,C62,มีน้ำหนักวิ่งขึ้นสูงสุดมากกว่า 7 กิโลกรัม แต่ไม่มากกว่า 25 กิโลกรัม,5,1446974,export
2566,7,88069400,000,C62,มีน้ำหนักวิ่งขึ้นสูงสุดมากกว่า 25 กิโลกรัม แต่ไม่มากกว่า 150 กิโลกรัม,2,314157,export
2566,8,88062200,000,C62,มีน้ำหนักวิ่งขึ้นสูงสุดมากกว่า 250 กรัม แต่ไม่มากกว่า 7 กิโลกรัม,1201,106299630,export
2566,8,88062900,000,C62,อื่น ๆ,1,25500,export
2566,8,88069400,000,C62,มีน้ำหนักวิ่งขึ้นสูงสุดมากกว่า 25 กิโลกรัม แต่ไม่มากกว่า 150 กิโลกรัม,1,320561,export
2566,8,88069900,000,C62,อื่น ๆ,1,1529,export
2566,9,88062200,000,C62,มีน้ำหนักวิ่งขึ้นสูงสุดมากกว่า 250 กรัม แต่ไม่มากกว่า 7 กิโลกรัม,2783,256368144,export
2566,9,88062900,000,C62,อื่น ๆ,3,473002,export
2566,9,88069400,000,C62,มีน้ำหนักวิ่งขึ้นสูงสุดมากกว่า 25 กิโลกรัม แต่ไม่มากกว่า 150 กิโลกรัม,19,13224965,export
2566,10,88062200,000,C62,มีน้ำหนักวิ่งขึ้นสูงสุดมากกว่า 250 กรัม แต่ไม่มากกว่า 7 กิโลกรัม,4083,369915993,export
2566,10,88062300,000,C62,มีน้ำหนักวิ่งขึ้นสูงสุดมากกว่า 7 กิโลกรัม แต่ไม่มากกว่า 25 กิโลกรัม,1,1817870,export
2566,10,88069400,000,C62,มีน้ำหนักวิ่งขึ้นสูงสุดมากกว่า 25 กิโลกรัม แต่ไม่มากกว่า 150 กิโลกรัม,10,5216637,export
2566,10,88069900,000,C62,อื่น ๆ,3,4041672,export
2566,11,88062200,000,C62,มีน้ำหนักวิ่งขึ้นสูงสุดมากกว่า 250 กรัม แต่ไม่มากกว่า 7 กิโลกรัม,1533,162867584,export
2566,11,88062300,000,C62,มีน้ำหนักวิ่งขึ้นสูงสุดมากกว่า 7 กิโลกรัม แต่ไม่มากกว่า 25 กิโลกรัม,2,3440777,export
2566,11,88062900,000,C62,อื่น ๆ,28,8858287,export
2566,11,88069400,000,C62,มีน้ำหนักวิ่งขึ้นสูงสุดมากกว่า 25 กิโลกรัม แต่ไม่มากกว่า 150 กิโลกรัม,4,1312658,export
2566,12,88062200,000,C62,มีน้ำหนักวิ่งขึ้นสูงสุดมากกว่า 250 กรัม แต่ไม่มากกว่า 7 กิโลกรัม,61,7274699,export
2566,12,88069400,000,C62,มีน้ำหนักวิ่งขึ้นสูงสุดมากกว่า 25 กิโลกรัม แต่ไม่มากกว่า 150 กิโลกรัม,15,12469032,export
2566,12,88069900,000,C62,อื่น ๆ,20,1206,export
2567,1,88062200,000,C62,มีน้ำหนักวิ่งขึ้นสูงสุดมากกว่า 250 กรัม แต่ไม่มากกว่า 7 กิโลกรัม,65,9366812,export
2567,1,88062300,000,C62,มีน้ำหนักวิ่งขึ้นสูงสุดมากกว่า 7 กิโลกรัม แต่ไม่มากกว่า 25 กิโลกรัม,4,3555564,export
2567,1,88069900,000,C62,อื่น ๆ,2,1056371,export
2567,2,88062200,000,C62,มีน้ำหนักวิ่งขึ้นสูงสุดมากกว่า 250 กรัม แต่ไม่มากกว่า 7 กิโลกรัม,2230,95983518,export
2567,2,88069400,000,C62,มีน้ำหนักวิ่งขึ้นสูงสุดมากกว่า 25 กิโลกรัม แต่ไม่มากกว่า 150 กิโลกรัม,20,15662992,export
2567,3,88062200,000,C62,มีน้ำหนักวิ่งขึ้นสูงสุดมากกว่า 250 กรัม แต่ไม่มากกว่า 7 กิโลกรัม,3005,107297622,export
2567,3,88062300,000,C62,มีน้ำหนักวิ่งขึ้นสูงสุดมากกว่า 7 กิโลกรัม แต่ไม่มากกว่า 25 กิโลกรัม,2,600852,export
2567,3,88062400,000,C62,มีน้ำหนักวิ่งขึ้นสูงสุดมากกว่า 25 กิโลกรัม แต่ไม่มากกว่า 150 กิโลกรัม,1,423578,export
2567,3,88069200,000,C62,มีน้ำหนักวิ่งขึ้นสูงสุดมากกว่า 250 กรัม แต่ไม่มากกว่า 7 กิโลกรัม,462,20055000,export
2567,3,88069300,000,C62,มีน้ำหนักวิ่งขึ้นสูงสุดมากกว่า 7 กิโลกรัม แต่ไม่มากกว่า 25 กิโลกรัม,1,10000,export
2567,3,88069400,000,C62,มีน้ำหนักวิ่งขึ้นสูงสุดมากกว่า 25 กิโลกรัม แต่ไม่มากกว่า 150 กิโลกรัม,12,9104016,export
2567,3,88069900,000,C62,อื่น ๆ,1,71496,export
2567,4,88062200,000,C62,มีน้ำหนักวิ่งขึ้นสูงสุดมากกว่า 250 กรัม แต่ไม่มากกว่า 7 กิโลกรัม,2400,97529509,export
2567,4,88062900,000,C62,อื่น ๆ,1,160000,export
2567,4,88069300,000,C62,มีน้ำหนักวิ่งขึ้นสูงสุดมากกว่า 7 กิโลกรัม แต่ไม่มากกว่า 25 กิโลกรัม,1,424954,export
2567,4,88069400,000,C62,มีน้ำหนักวิ่งขึ้นสูงสุดมากกว่า 25 กิโลกรัม แต่ไม่มากกว่า 150 กิโลกรัม,8,7004741,export
2567,4,88069900,000,C62,อื่น ๆ,1,2950742,export
2567,5,88062200,000,C62,มีน้ำหนักวิ่งขึ้นสูงสุดมากกว่า 250 กรัม แต่ไม่มากกว่า 7 กิโลกรัม,3093,133315863,export
2567,5,88069400,000,C62,มีน้ำหนักวิ่งขึ้นสูงสุดมากกว่า 25 กิโลกรัม แต่ไม่มากกว่า 150 กิโลกรัม,16,12608873,export
2567,6,88062200,000,C62,มีน้ำหนักวิ่งขึ้นสูงสุดมากกว่า 250 กรัม แต่ไม่มากกว่า 7 กิโลกรัม,858,31313342,export
2567,6,88069400,000,C62,มีน้ำหนักวิ่งขึ้นสูงสุดมากกว่า 25 กิโลกรัม แต่ไม่มากกว่า 150 กิโลกรัม,12,10599460,export
2567,6,88069900,000,C62,อื่น ๆ,20,361763,export
2567,7,88062100,000,C62,มีน้ำหนักวิ่งขึ้นสูงสุดไม่มากกว่า 250 กรัม,19,14151,export
2567,7,88062200,000,C62,มีน้ำหนักวิ่งขึ้นสูงสุดมากกว่า 250 กรัม แต่ไม่มากกว่า 7 กิโลกรัม,600,71511747,export
2567,7,88062300,000,C62,มีน้ำหนักวิ่งขึ้นสูงสุดมากกว่า 7 กิโลกรัม แต่ไม่มากกว่า 25 กิโลกรัม,1200,1581404,export
2567,7,88069400,000,C62,มีน้ำหนักวิ่งขึ้นสูงสุดมากกว่า 25 กิโลกรัม แต่ไม่มากกว่า 150 กิโลกรัม,27,18830925,export
2567,8,88062200,000,C62,มีน้ำหนักวิ่งขึ้นสูงสุดมากกว่า 250 กรัม แต่ไม่มากกว่า 7 กิโลกรัม,558,36256290,export
2567,8,88062900,000,C62,อื่น ๆ,80,6141924,export
2567,8,88069400,000,C62,มีน้ำหนักวิ่งขึ้นสูงสุดมากกว่า 25 กิโลกรัม แต่ไม่มากกว่า 150 กิโลกรัม,32,17863191,export
2567,8,88069900,000,C62,อื่น ๆ,18,1155945,export
2567,9,88062100,000,C62,มีน้ำหนักวิ่งขึ้นสูงสุดไม่มากกว่า 250 กรัม,256,7287496,export
2567,9,88062200,000,C62,มีน้ำหนักวิ่งขึ้นสูงสุดมากกว่า 250 กรัม แต่ไม่มากกว่า 7 กิโลกรัม,907,34290017,export
2567,9,88062400,000,C62,มีน้ำหนักวิ่งขึ้นสูงสุดมากกว่า 25 กิโลกรัม แต่ไม่มากกว่า 150 กิโลกรัม,1,23952,export
2567,9,88062900,000,C62,อื่น ๆ,1,186350,export
2567,9,88069400,000,C62,มีน้ำหนักวิ่งขึ้นสูงสุดมากกว่า 25 กิโลกรัม แต่ไม่มากกว่า 150 กิโลกรัม,17,9745484,export
2567,9,88069900,000,C62,อื่น ๆ,1,1369,export
2567,10,88062200,000,C62,มีน้ำหนักวิ่งขึ้นสูงสุดมากกว่า 250 กรัม แต่ไม่มากกว่า 7 กิโลกรัม,1628,96866891,export
2567,10,88062900,000,C62,อื่น ๆ,1,598000,export
2567,10,88069400,000,C62,มีน้ำหนักวิ่งขึ้นสูงสุดมากกว่า 25 กิโลกรัม แต่ไม่มากกว่า 150 กิโลกรัม,17,13152236,export
2567,11,88062200,000,C62,มีน้ำหนักวิ่งขึ้นสูงสุดมากกว่า 250 กรัม แต่ไม่มากกว่า 7 กิโลกรัม,1020,89395746,export
2567,11,88062300,000,C62,มีน้ำหนักวิ่งขึ้นสูงสุดมากกว่า 7 กิโลกรัม แต่ไม่มากกว่า 25 กิโลกรัม,501,2813948,export
2567,11,88062400,000,C62,มีน้ำหนักวิ่งขึ้นสูงสุดมากกว่า 25 กิโลกรัม แต่ไม่มากกว่า 150 กิโลกรัม,1,26525,export
2567,11,88062900,000,C62,อื่น ๆ,1,26525,export
2567,11,88069300,000,C62,มีน้ำหนักวิ่งขึ้นสูงสุดมากกว่า 7 กิโลกรัม แต่ไม่มากกว่า 25 กิโลกรัม,1,756404,export
2567,11,88069400,000,C62,มีน้ำหนักวิ่งขึ้นสูงสุดมากกว่า 25 กิโลกรัม แต่ไม่มากกว่า 150 กิโลกรัม,10,5446238,export
2567,11,88069900,000,C62,อื่น ๆ,25,343677,export
2567,12,88062200,000,C62,มีน้ำหนักวิ่งขึ้นสูงสุดมากกว่า 250 กรัม แต่ไม่มากกว่า 7 กิโลกรัม,4822,335737906,export
2567,12,88062400,000,C62,มีน้ำหนักวิ่งขึ้นสูงสุดมากกว่า 25 กิโลกรัม แต่ไม่มากกว่า 150 กิโลกรัม,1,234293,export
2567,12,88069200,000,C62,มีน้ำหนักวิ่งขึ้นสูงสุดมากกว่า 250 กรัม แต่ไม่มากกว่า 7 กิโลกรัม,2050,17833288,export
2567,12,88069400,000,C62,มีน้ำหนักวิ่งขึ้นสูงสุดมากกว่า 25 กิโลกรัม แต่ไม่มากกว่า 150 กิโลกรัม,4,3472679,export
2568,1,88062200,000,C62,มีน้ำหนักวิ่งขึ้นสูงสุดมากกว่า 250 กรัม แต่ไม่มากกว่า 7 กิโลกรัม,2627,225100554,export
2568,1,88062300,000,C62,มีน้ำหนักวิ่งขึ้นสูงสุดมากกว่า 7 กิโลกรัม แต่ไม่มากกว่า 25 กิโลกรัม,532,1418282,export
2568,1,88062400,000,C62,มีน้ำหนักวิ่งขึ้นสูงสุดมากกว่า 25 กิโลกรัม แต่ไม่มากกว่า 150 กิโลกรัม,1,40940,export
2568,1,88069400,000,C62,มีน้ำหนักวิ่งขึ้นสูงสุดมากกว่า 25 กิโลกรัม แต่ไม่มากกว่า 150 กิโลกรัม,26,19428208,export
2568,2,88062200,000,C62,มีน้ำหนักวิ่งขึ้นสูงสุดมากกว่า 250 กรัม แต่ไม่มากกว่า 7 กิโลกรัม,2718,169015265,export
2568,2,88069200,000,C62,มีน้ำหนักวิ่งขึ้นสูงสุดมากกว่า 250 กรัม แต่ไม่มากกว่า 7 กิโลกรัม,408,640504,export
2568,2,88069400,000,C62,มีน้ำหนักวิ่งขึ้นสูงสุดมากกว่า 25 กิโลกรัม แต่ไม่มากกว่า 150 กิโลกรัม,37,18147625,export
2568,2,88069900,000,C62,อื่น ๆ,30,1376312,export
2568,3,88062200,000,C62,มีน้ำหนักวิ่งขึ้นสูงสุดมากกว่า 250 กรัม แต่ไม่มากกว่า 7 กิโลกรัม,1684,2048018683,export
2568,3,88062400,000,C62,มีน้ำหนักวิ่งขึ้นสูงสุดมากกว่า 25 กิโลกรัม แต่ไม่มากกว่า 150 กิโลกรัม,33,16982275,export
2568,3,88069300,000,C62,มีน้ำหนักวิ่งขึ้นสูงสุดมากกว่า 7 กิโลกรัม แต่ไม่มากกว่า 25 กิโลกรัม,433,16273823,export
2568,3,88069400,000,C62,มีน้ำหนักวิ่งขึ้นสูงสุดมากกว่า 25 กิโลกรัม แต่ไม่มากกว่า 150 กิโลกรัม,35,16826027,export
2568,4,88062100,000,C62,มีน้ำหนักวิ่งขึ้นสูงสุดไม่มากกว่า 250 กรัม,1,159314,export
2568,4,88062200,000,C62,มีน้ำหนักวิ่งขึ้นสูงสุดมากกว่า 250 กรัม แต่ไม่มากกว่า 7 กิโลกรัม,106,34210811,export
2568,4,88062900,000,C62,อื่น ๆ,21,361490,export
2568,4,88069400,000,C62,มีน้ำหนักวิ่งขึ้นสูงสุดมากกว่า 25 กิโลกรัม แต่ไม่มากกว่า 150 กิโลกรัม,46,25639867,export
2568,5,88062200,000,C62,มีน้ำหนักวิ่งขึ้นสูงสุดมากกว่า 250 กรัม แต่ไม่มากกว่า 7 กิโลกรัม,206,38713973,export
2568,5,88062900,000,C62,อื่น ๆ,7,675540,export
2568,5,88069300,000,C62,มีน้ำหนักวิ่งขึ้นสูงสุดมากกว่า 7 กิโลกรัม แต่ไม่มากกว่า 25 กิโลกรัม,384,56026864,export
2568,5,88069400,000,C62,มีน้ำหนักวิ่งขึ้นสูงสุดมากกว่า 25 กิโลกรัม แต่ไม่มากกว่า 150 กิโลกรัม,94,18210613,export
2568,5,88069900,000,C62,อื่น ๆ,157,731397,export
2568,6,88062100,000,C62,มีน้ำหนักวิ่งขึ้นสูงสุดไม่มากกว่า 250 กรัม,2,361800,export
2568,6,88062200,000,C62,มีน้ำหนักวิ่งขึ้นสูงสุดมากกว่า 250 กรัม แต่ไม่มากกว่า 7 กิโลกรัม,100,13758654,export
2568,6,88062900,000,C62,อื่น ๆ,6,60342,export
2568,6,88069300,000,C62,มีน้ำหนักวิ่งขึ้นสูงสุดมากกว่า 7 กิโลกรัม แต่ไม่มากกว่า 25 กิโลกรัม,21647,431732193,export
2568,6,88069400,000,C62,มีน้ำหนักวิ่งขึ้นสูงสุดมากกว่า 25 กิโลกรัม แต่ไม่มากกว่า 150 กิโลกรัม,74,35277680,export
2568,6,88069900,000,C62,อื่น ๆ,2,11003880,export
2568,7,88062100,000,C62,มีน้ำหนักวิ่งขึ้นสูงสุดไม่มากกว่า 250 กรัม,3,292054,export
2568,7,88062200,000,C62,มีน้ำหนักวิ่งขึ้นสูงสุดมากกว่า 250 กรัม แต่ไม่มากกว่า 7 กิโลกรัม,110,15720998,export
2568,7,88062900,000,C62,อื่น ๆ,12,226071,export
2568,7,88069300,000,C62,มีน้ำหนักวิ่งขึ้นสูงสุดมากกว่า 7 กิโลกรัม แต่ไม่มากกว่า 25 กิโลกรัม,17335,146934474,export
2568,7,88069400,000,C62,มีน้ำหนักวิ่งขึ้นสูงสุดมากกว่า 25 กิโลกรัม แต่ไม่มากกว่า 150 กิโลกรัม,65,24058119,export
2568,7,88069900,000,C62,อื่น ๆ,1,915674,export
2568,8,88062100,000,C62,มีน้ำหนักวิ่งขึ้นสูงสุดไม่มากกว่า 250 กรัม,5,44523,export
2568,8,88062200,000,C62,มีน้ำหนักวิ่งขึ้นสูงสุดมากกว่า 250 กรัม แต่ไม่มากกว่า 7 กิโลกรัม,279,35450719,export
2568,8,88062900,000,C62,อื่น ๆ,12,14789,export
2568,8,88069300,000,C62,มีน้ำหนักวิ่งขึ้นสูงสุดมากกว่า 7 กิโลกรัม แต่ไม่มากกว่า 25 กิโลกรัม,6206,464302586,export
2568,8,88069400,000,C62,มีน้ำหนักวิ่งขึ้นสูงสุดมากกว่า 25 กิโลกรัม แต่ไม่มากกว่า 150 กิโลกรัม,380,21065173,export
2568,8,88069900,000,C62,อื่น ๆ,2,1009399,export
2568,9,88062100,000,C62,มีน้ำหนักวิ่งขึ้นสูงสุดไม่มากกว่า 250 กรัม,10,54562,export
2568,9,88062200,000,C62,มีน้ำหนักวิ่งขึ้นสูงสุดมากกว่า 250 กรัม แต่ไม่มากกว่า 7 กิโลกรัม,261,32909216,export
2568,9,88069200,000,C62,มีน้ำหนักวิ่งขึ้นสูงสุดมากกว่า 250 กรัม แต่ไม่มากกว่า 7 กิโลกรัม,586,1488420,export
2568,9,88069300,000,C62,มีน้ำหนักวิ่งขึ้นสูงสุดมากกว่า 7 กิโลกรัม แต่ไม่มากกว่า 25 กิโลกรัม,3364,332335306,export
2568,9,88069400,000,C62,มีน้ำหนักวิ่งขึ้นสูงสุดมากกว่า 25 กิโลกรัม แต่ไม่มากกว่า 150 กิโลกรัม,91,29599478,export
2568,9,88069900,000,C62,อื่น ๆ,2,1407172,export
2568,10,88062100,000,C62,มีน้ำหนักวิ่งขึ้นสูงสุดไม่มากกว่า 250 กรัม,19,674676,export
2568,10,88062200,000,C62,มีน้ำหนักวิ่งขึ้นสูงสุดมากกว่า 250 กรัม แต่ไม่มากกว่า 7 กิโลกรัม,488,60082502,export
2568,10,88062900,000,C62,อื่น ๆ,3,426184,export
2568,10,88069300,000,C62,มีน้ำหนักวิ่งขึ้นสูงสุดมากกว่า 7 กิโลกรัม แต่ไม่มากกว่า 25 กิโลกรัม,3506,233426662,export
2568,10,88069400,000,C62,มีน้ำหนักวิ่งขึ้นสูงสุดมากกว่า 25 กิโลกรัม แต่ไม่มากกว่า 150 กิโลกรัม,89,33745804,export
2568,11,88062100,000,C62,มีน้ำหนักวิ่งขึ้นสูงสุดไม่มากกว่า 250 กรัม,862,5660987,export
2568,11,88062200,000,C62,มีน้ำหนักวิ่งขึ้นสูงสุดมากกว่า 250 กรัม แต่ไม่มากกว่า 7 กิโลกรัม,6369,5412884,export
2568,11,88069300,000,C62,มีน้ำหนักวิ่งขึ้นสูงสุดมากกว่า 7 กิโลกรัม แต่ไม่มากกว่า 25 กิโลกรัม,30,291917,export
2568,11,88069400,000,C62,มีน้ำหนักวิ่งขึ้นสูงสุดมากกว่า 25 กิโลกรัม แต่ไม่มากกว่า 150 กิโลกรัม,98,33047772,export
2568,11,88069900,000,C62,อื่น ๆ,14,8492003,export
2568,12,88062100,000,C62,มีน้ำหนักวิ่งขึ้นสูงสุดไม่มากกว่า 250 กรัม,800,8321942,export
2568,12,88062200,000,C62,มีน้ำหนักวิ่งขึ้นสูงสุดมากกว่า 250 กรัม แต่ไม่มากกว่า 7 กิโลกรัม,8543,241888082,export
2568,12,88062300,000,C62,มีน้ำหนักวิ่งขึ้นสูงสุดมากกว่า 7 กิโลกรัม แต่ไม่มากกว่า 25 กิโลกรัม,1468,1924669,export
2568,12,88062900,000,C62,อื่น ๆ,16,285513,export
2568,12,88069300,000,C62,มีน้ำหนักวิ่งขึ้นสูงสุดมากกว่า 7 กิโลกรัม แต่ไม่มากกว่า 25 กิโลกรัม,29,1932880,export
2568,12,88069400,000,C62,มีน้ำหนักวิ่งขึ้นสูงสุดมากกว่า 25 กิโลกรัม แต่ไม่มากกว่า 150 กิโลกรัม,129,29731004,export
2569,1,88062200,000,C62,มีน้ำหนักวิ่งขึ้นสูงสุดมากกว่า 250 กรัม แต่ไม่มากกว่า 7 กิโลกรัม,538,27664441,export
2569,1,88062300,000,C62,มีน้ำหนักวิ่งขึ้นสูงสุดมากกว่า 7 กิโลกรัม แต่ไม่มากกว่า 25 กิโลกรัม,2883,3682973,export
2569,1,88062900,000,C62,อื่น ๆ,7,198847,export
2569,1,88069200,000,C62,มีน้ำหนักวิ่งขึ้นสูงสุดมากกว่า 250 กรัม แต่ไม่มากกว่า 7 กิโลกรัม,940,39728517,export
2569,1,88069300,000,C62,มีน้ำหนักวิ่งขึ้นสูงสุดมากกว่า 7 กิโลกรัม แต่ไม่มากกว่า 25 กิโลกรัม,3,257945,export
2569,1,88069400,000,C62,มีน้ำหนักวิ่งขึ้นสูงสุดมากกว่า 25 กิโลกรัม แต่ไม่มากกว่า 150 กิโลกรัม,90,42576090,export
2569,1,88069900,000,C62,อื่น ๆ,14,5132301,export
2569,2,88062200,000,C62,มีน้ำหนักวิ่งขึ้นสูงสุดมากกว่า 250 กรัม แต่ไม่มากกว่า 7 กิโลกรัม,550,3500835,export
2569,2,88069200,000,C62,มีน้ำหนักวิ่งขึ้นสูงสุดมากกว่า 250 กรัม แต่ไม่มากกว่า 7 กิโลกรัม,1,170488,export
2569,2,88069400,000,C62,มีน้ำหนักวิ่งขึ้นสูงสุดมากกว่า 25 กิโลกรัม แต่ไม่มากกว่า 150 กิโลกรัม,73,30793315,export
2569,3,88062100,000,C62,มีน้ำหนักวิ่งขึ้นสูงสุดไม่มากกว่า 250 กรัม,1,1550,export
2569,3,88062200,000,C62,มีน้ำหนักวิ่งขึ้นสูงสุดมากกว่า 250 กรัม แต่ไม่มากกว่า 7 กิโลกรัม,1,470800,export
2569,3,88062300,000,C62,มีน้ำหนักวิ่งขึ้นสูงสุดมากกว่า 7 กิโลกรัม แต่ไม่มากกว่า 25 กิโลกรัม,2,15261838,export
2569,3,88069400,000,C62,มีน้ำหนักวิ่งขึ้นสูงสุดมากกว่า 25 กิโลกรัม แต่ไม่มากกว่า 150 กิโลกรัม,69,30039111,export
2569,3,88069900,000,C62,อื่น ๆ,54,4808825,export
2569,4,88062300,000,C62,มีน้ำหนักวิ่งขึ้นสูงสุดมากกว่า 7 กิโลกรัม แต่ไม่มากกว่า 25 กิโลกรัม,104,565799,export
2569,4,88069400,000,C62,มีน้ำหนักวิ่งขึ้นสูงสุดมากกว่า 25 กิโลกรัม แต่ไม่มากกว่า 150 กิโลกรัม,113,51002394,export
2569,4,88069900,000,C62,อื่น ๆ,41,3078316,export
2569,5,88062900,000,C62,อื่น ๆ,1,3013616,export
2569,5,88069300,000,C62,มีน้ำหนักวิ่งขึ้นสูงสุดมากกว่า 7 กิโลกรัม แต่ไม่มากกว่า 25 กิโลกรัม,10,882923,export
2569,5,88069400,000,C62,มีน้ำหนักวิ่งขึ้นสูงสุดมากกว่า 25 กิโลกรัม แต่ไม่มากกว่า 150 กิโลกรัม,58,33540221,export
2569,5,88069900,000,C62,อื่น ๆ,66,8629638,export
