year,month,flow,country_code,country_en,country_th,quantity,value_usd,value_baht,acc_value_usd,acc_value_baht
2022,1,import,CN,CHINA,จีน,57.0,405913.4993,13698647.0,405913.4993,13698647.0
2022,1,import,CZ,CZECH REPUBLIC,สาธารณรัฐเช็ก,2.0,793.0318,26763.0,793.0318,26763.0
2022,2,import,CN,CHINA,จีน,613.0,1595444.764,53041678.0,2001358.2633,66740325.0
2022,2,import,US,U.S.A.,สหรัฐอเมริกา,18.0,141259.2004,4696261.0,141259.2004,4696261.0
2022,2,import,DE,GERMANY,เยอรมนี,7.0,26228.6551,871990.0,26228.6551,871990.0
2022,2,import,CH,SWITZERLAND,สวิตเซอร์แลนด์,1.0,10867.1497,361286.0,10867.1497,361286.0
2022,2,import,AU,AUSTRALIA,ออสเตรเลีย,1.0,543.1078,18056.0,543.1078,18056.0
2022,2,import,CZ,CZECH REPUBLIC,สาธารณรัฐเช็ก,0.0,0.0,0.0,793.0318,26763.0
2022,3,import,CN,CHINA,จีน,1039.0,939338.7579,30420016.0,2940697.0212,97160341.0
2022,3,import,KR,S. KOREA,เกาหลีใต้,10.0,21806.4506,706191.0,21806.4506,706191.0
2022,3,import,US,U.S.A.,สหรัฐอเมริกา,1.0,719.0168,23285.0,141978.2172,4719546.0
2022,3,import,JP,JAPAN,ญี่ปุ่น,2.0,369.3742,11962.0,369.3742,11962.0
2022,3,import,AU,AUSTRALIA,ออสเตรเลีย,0.0,0.0,0.0,543.1078,18056.0
2022,3,import,DE,GERMANY,เยอรมนี,0.0,0.0,0.0,26228.6551,871990.0
2022,3,import,CZ,CZECH REPUBLIC,สาธารณรัฐเช็ก,0.0,0.0,0.0,793.0318,26763.0
2022,3,import,CH,SWITZERLAND,สวิตเซอร์แลนด์,0.0,0.0,0.0,10867.1497,361286.0
2022,4,import,CN,CHINA,จีน,333.0,183986.4336,6195044.0,3124683.4548,103355385.0
2022,4,import,KR,S. KOREA,เกาหลีใต้,2.0,4548.6053,153157.0,26355.0559,859348.0
2022,4,import,TW,TAIWAN,ไต้หวัน,1.0,1485.8692,50031.0,1485.8692,50031.0
2022,4,import,US,U.S.A.,สหรัฐอเมริกา,1.0,1187.2164,39975.0,143165.4336,4759521.0
2022,4,import,JP,JAPAN,ญี่ปุ่น,2.0,1063.045,35794.0,1432.4192,47756.0
2022,4,import,AU,AUSTRALIA,ออสเตรเลีย,0.0,0.0,0.0,543.1078,18056.0
2022,4,import,DE,GERMANY,เยอรมนี,0.0,0.0,0.0,26228.6551,871990.0
2022,4,import,CZ,CZECH REPUBLIC,สาธารณรัฐเช็ก,0.0,0.0,0.0,793.0318,26763.0
2022,4,import,CH,SWITZERLAND,สวิตเซอร์แลนด์,0.0,0.0,0.0,10867.1497,361286.0
2022,5,import,CN,CHINA,จีน,2033.0,2158707.3835,73227456.0,5283390.8383,176582841.0
2022,5,import,SG,SINGAPORE,สิงคโปร์,2.0,506.4575,17180.0,506.4575,17180.0
2022,5,import,AU,AUSTRALIA,ออสเตรเลีย,1.0,357.9399,12142.0,901.0477,30198.0
2022,5,import,US,U.S.A.,สหรัฐอเมริกา,0.0,0.0,0.0,143165.4336,4759521.0
2022,5,import,KR,S. KOREA,เกาหลีใต้,0.0,0.0,0.0,26355.0559,859348.0
2022,5,import,DE,GERMANY,เยอรมนี,0.0,0.0,0.0,26228.6551,871990.0
2022,5,import,CH,SWITZERLAND,สวิตเซอร์แลนด์,0.0,0.0,0.0,10867.1497,361286.0
2022,5,import,JP,JAPAN,ญี่ปุ่น,0.0,0.0,0.0,1432.4192,47756.0
2022,5,import,CZ,CZECH REPUBLIC,สาธารณรัฐเช็ก,0.0,0.0,0.0,793.0318,26763.0
2022,5,import,TW,TAIWAN,ไต้หวัน,0.0,0.0,0.0,1485.8692,50031.0
2022,6,import,CN,CHINA,จีน,1255.0,1425256.8944,49305337.0,6708647.7327,225888178.0
2022,6,import,US,U.S.A.,สหรัฐอเมริกา,3.0,20697.5198,716010.0,163862.9534,5475531.0
2022,6,import,DE,GERMANY,เยอรมนี,2.0,17322.6861,599261.0,43551.3412,1471251.0
2022,6,import,AU,AUSTRALIA,ออสเตรเลีย,0.0,0.0,0.0,901.0477,30198.0
2022,6,import,KR,S. KOREA,เกาหลีใต้,0.0,0.0,0.0,26355.0559,859348.0
2022,6,import,CZ,CZECH REPUBLIC,สาธารณรัฐเช็ก,0.0,0.0,0.0,793.0318,26763.0
2022,6,import,CH,SWITZERLAND,สวิตเซอร์แลนด์,0.0,0.0,0.0,10867.1497,361286.0
2022,6,import,SG,SINGAPORE,สิงคโปร์,0.0,0.0,0.0,506.4575,17180.0
2022,6,import,TW,TAIWAN,ไต้หวัน,0.0,0.0,0.0,1485.8692,50031.0
2022,6,import,JP,JAPAN,ญี่ปุ่น,0.0,0.0,0.0,1432.4192,47756.0
2022,7,import,CN,CHINA,จีน,2432.0,2677338.1386,95060497.0,9385985.8713,320948675.0
2022,7,import,TW,TAIWAN,ไต้หวัน,2.0,2621.5019,93078.0,4107.3711,143109.0
2022,7,import,AU,AUSTRALIA,ออสเตรเลีย,0.0,0.0,0.0,901.0477,30198.0
2022,7,import,CH,SWITZERLAND,สวิตเซอร์แลนด์,0.0,0.0,0.0,10867.1497,361286.0
2022,7,import,JP,JAPAN,ญี่ปุ่น,0.0,0.0,0.0,1432.4192,47756.0
2022,7,import,CZ,CZECH REPUBLIC,สาธารณรัฐเช็ก,0.0,0.0,0.0,793.0318,26763.0
2022,7,import,DE,GERMANY,เยอรมนี,0.0,0.0,0.0,43551.3412,1471251.0
2022,7,import,KR,S. KOREA,เกาหลีใต้,0.0,0.0,0.0,26355.0559,859348.0
2022,7,import,SG,SINGAPORE,สิงคโปร์,0.0,0.0,0.0,506.4575,17180.0
2022,7,import,US,U.S.A.,สหรัฐอเมริกา,0.0,0.0,0.0,163862.9534,5475531.0
2022,8,import,CN,CHINA,จีน,3053.0,3134828.3796,115569210.0,12520814.2509,436517885.0
2022,8,import,CH,SWITZERLAND,สวิตเซอร์แลนด์,1.0,23532.7753,867564.0,34399.925,1228850.0
2022,8,import,IL,ISRAEL,อิสราเอล,2.0,18186.3062,670460.0,18186.3062,670460.0
2022,8,import,IN,INDIA,อินเดีย,2.0,17500.0136,645159.0,17500.0136,645159.0
2022,8,import,ZA,SOUTH AFRICA,แอฟริกาใต้,1.0,15891.033,585842.0,15891.033,585842.0
2022,8,import,ID,INDONESIA,อินโดนีเซีย,1.0,327.6714,12080.0,327.6714,12080.0
2022,8,import,FR,FRANCE,ฝรั่งเศส,1.0,224.813,8288.0,224.813,8288.0
2022,8,import,CZ,CZECH REPUBLIC,สาธารณรัฐเช็ก,0.0,0.0,0.0,793.0318,26763.0
2022,8,import,DE,GERMANY,เยอรมนี,0.0,0.0,0.0,43551.3412,1471251.0
2022,8,import,JP,JAPAN,ญี่ปุ่น,0.0,0.0,0.0,1432.4192,47756.0
2022,9,import,ES,SPAIN,สเปน,4.0,2983881.2627,107642323.0,2983881.2627,107642323.0
2022,9,import,CN,CHINA,จีน,2991.0,2817310.9061,101633364.0,15338125.157,538151249.0
2022,9,import,CH,SWITZERLAND,สวิตเซอร์แลนด์,1.0,287.6262,10376.0,34687.5512,1239226.0
2022,9,import,US,U.S.A.,สหรัฐอเมริกา,2.0,274.265,9894.0,164137.2184,5485425.0
2022,9,import,CZ,CZECH REPUBLIC,สาธารณรัฐเช็ก,0.0,0.0,0.0,793.0318,26763.0
2022,9,import,ID,INDONESIA,อินโดนีเซีย,0.0,0.0,0.0,327.6714,12080.0
2022,9,import,FR,FRANCE,ฝรั่งเศส,0.0,0.0,0.0,224.813,8288.0
2022,9,import,IL,ISRAEL,อิสราเอล,0.0,0.0,0.0,18186.3062,670460.0
2022,9,import,DE,GERMANY,เยอรมนี,0.0,0.0,0.0,43551.3412,1471251.0
2022,9,import,IN,INDIA,อินเดีย,0.0,0.0,0.0,17500.0136,645159.0
2022,10,import,CN,CHINA,จีน,2370.0,1969987.3232,73350114.0,17308112.4802,611501363.0
2022,10,import,CH,SWITZERLAND,สวิตเซอร์แลนด์,1.0,743.2494,27674.0,35430.8006,1266900.0
2022,10,import,SG,SINGAPORE,สิงคโปร์,1.0,232.1009,8642.0,738.5584,25822.0
2022,10,import,CZ,CZECH REPUBLIC,สาธารณรัฐเช็ก,0.0,0.0,0.0,793.0318,26763.0
2022,10,import,ID,INDONESIA,อินโดนีเซีย,0.0,0.0,0.0,327.6714,12080.0
2022,10,import,ES,SPAIN,สเปน,0.0,0.0,0.0,2983881.2627,107642323.0
2022,10,import,IL,ISRAEL,อิสราเอล,0.0,0.0,0.0,18186.3062,670460.0
2022,10,import,DE,GERMANY,เยอรมนี,0.0,0.0,0.0,43551.3412,1471251.0
2022,10,import,FR,FRANCE,ฝรั่งเศส,0.0,0.0,0.0,224.813,8288.0
2022,10,import,IN,INDIA,อินเดีย,0.0,0.0,0.0,17500.0136,645159.0
2022,11,import,AT,AUSTRIA,ออสเตรีย,2.0,10909179.409,418437940.0,10909179.409,418437940.0
2022,11,import,CN,CHINA,จีน,4047.0,3215699.7119,123342986.0,20523812.1921,734844349.0
2022,11,import,CH,SWITZERLAND,สวิตเซอร์แลนด์,3.0,91851.4463,3523100.0,127282.2469,4790000.0
2022,11,import,TR,TURKIYE,ตุรกี,1.0,1513.3289,58046.0,1513.3289,58046.0
2022,11,import,US,U.S.A.,สหรัฐอเมริกา,3.0,1478.1067,56695.0,165615.3251,5542120.0
2022,11,import,CA,CANADA,แคนาดา,1.0,69.9751,2684.0,69.9751,2684.0
2022,11,import,FR,FRANCE,ฝรั่งเศส,0.0,0.0,0.0,224.813,8288.0
2022,11,import,ID,INDONESIA,อินโดนีเซีย,0.0,0.0,0.0,327.6714,12080.0
2022,11,import,CZ,CZECH REPUBLIC,สาธารณรัฐเช็ก,0.0,0.0,0.0,793.0318,26763.0
2022,11,import,DE,GERMANY,เยอรมนี,0.0,0.0,0.0,43551.3412,1471251.0
2022,12,import,CN,CHINA,จีน,3188.0,2803888.8351,101430959.0,23327701.0272,836275308.0
2022,12,import,CA,CANADA,แคนาดา,1.0,175095.6597,6334103.0,175165.6348,6336787.0
2022,12,import,NO,NORWAY,นอร์เวย์,1.0,95503.0394,3454832.0,95503.0394,3454832.0
2022,12,import,US,U.S.A.,สหรัฐอเมริกา,1.0,14704.2579,531928.0,180319.583,6074048.0
2022,12,import,TH,THAILAND,ไทย,1.0,1517.2868,54888.0,1517.2868,54888.0
2022,12,import,GB,UNITED KINGDOM,สหราชอาณาจักร,1.0,143.2753,5183.0,143.2753,5183.0
2022,12,import,HK,HONG KONG,ฮ่องกง,1.0,128.5415,4650.0,128.5415,4650.0
2022,12,import,FR,FRANCE,ฝรั่งเศส,0.0,0.0,0.0,224.813,8288.0
2022,12,import,CZ,CZECH REPUBLIC,สาธารณรัฐเช็ก,0.0,0.0,0.0,793.0318,26763.0
2022,12,import,DE,GERMANY,เยอรมนี,0.0,0.0,0.0,43551.3412,1471251.0
2023,1,import,CN,CHINA,จีน,2267.0,2219390.7152,77675124.0,2219390.7152,77675124.0
2023,1,import,CH,SWITZERLAND,สวิตเซอร์แลนด์,1.0,13295.3792,465317.0,13295.3792,465317.0
2023,1,import,CA,CANADA,แคนาดา,1.0,12549.5165,439213.0,12549.5165,439213.0
2023,1,import,NO,NORWAY,นอร์เวย์,1.0,8248.9771,288701.0,8248.9771,288701.0
2023,1,import,HK,HONG KONG,ฮ่องกง,1.0,513.9092,17986.0,513.9092,17986.0
2023,1,import,US,U.S.A.,สหรัฐอเมริกา,1.0,380.4745,13316.0,380.4745,13316.0
2023,1,import,MX,MEXICO,เม็กซิโก,1.0,215.867,7555.0,215.867,7555.0
2023,2,import,CN,CHINA,จีน,4091.0,3441928.7287,113769168.0,5661319.4439,191444292.0
2023,2,import,MY,MALAYSIA,มาเลเซีย,41.0,5898.1542,194957.0,5898.1542,194957.0
2023,2,import,US,U.S.A.,สหรัฐอเมริกา,1.0,792.3725,26191.0,1172.847,39507.0
2023,2,import,TH,THAILAND,ไทย,1.0,755.1908,24962.0,755.1908,24962.0
2023,2,import,NO,NORWAY,นอร์เวย์,0.0,0.0,0.0,8248.9771,288701.0
2023,2,import,HK,HONG KONG,ฮ่องกง,0.0,0.0,0.0,513.9092,17986.0
2023,2,import,CA,CANADA,แคนาดา,0.0,0.0,0.0,12549.5165,439213.0
2023,2,import,CH,SWITZERLAND,สวิตเซอร์แลนด์,0.0,0.0,0.0,13295.3792,465317.0
2023,2,import,MX,MEXICO,เม็กซิโก,0.0,0.0,0.0,215.867,7555.0
2023,3,import,CN,CHINA,จีน,3106.0,3582370.283,123629031.0,9243689.7269,315073323.0
2023,3,import,CH,SWITZERLAND,สวิตเซอร์แลนด์,1.0,33048.3275,1140511.0,46343.7067,1605828.0
2023,3,import,US,U.S.A.,สหรัฐอเมริกา,2.0,1751.6169,60449.0,2924.4639,99956.0
2023,3,import,DE,GERMANY,เยอรมนี,1.0,905.9298,31264.0,905.9298,31264.0
2023,3,import,HK,HONG KONG,ฮ่องกง,2.0,656.5557,22658.0,1170.4649,40644.0
2023,3,import,TH,THAILAND,ไทย,0.0,0.0,0.0,755.1908,24962.0
2023,3,import,NO,NORWAY,นอร์เวย์,0.0,0.0,0.0,8248.9771,288701.0
2023,3,import,CA,CANADA,แคนาดา,0.0,0.0,0.0,12549.5165,439213.0
2023,3,import,MY,MALAYSIA,มาเลเซีย,0.0,0.0,0.0,5898.1542,194957.0
2023,3,import,MX,MEXICO,เม็กซิโก,0.0,0.0,0.0,215.867,7555.0
2023,4,import,CN,CHINA,จีน,5373.0,8250241.7329,283618560.0,17493931.4598,598691883.0
2023,4,import,IL,ISRAEL,อิสราเอล,3.0,515119.6149,17708267.0,515119.6149,17708267.0
2023,4,import,CH,SWITZERLAND,สวิตเซอร์แลนด์,1.0,33497.2511,1151535.0,79840.9578,2757363.0
2023,4,import,TH,THAILAND,ไทย,2.0,4746.313,163164.0,5501.5038,188126.0
2023,4,import,US,U.S.A.,สหรัฐอเมริกา,2.0,1925.2988,66186.0,4849.7627,166142.0
2023,4,import,MY,MALAYSIA,มาเลเซีย,1.0,247.3747,8504.0,6145.5289,203461.0
2023,4,import,CA,CANADA,แคนาดา,0.0,0.0,0.0,12549.5165,439213.0
2023,4,import,MX,MEXICO,เม็กซิโก,0.0,0.0,0.0,215.867,7555.0
2023,4,import,HK,HONG KONG,ฮ่องกง,0.0,0.0,0.0,1170.4649,40644.0
2023,4,import,DE,GERMANY,เยอรมนี,0.0,0.0,0.0,905.9298,31264.0
2023,5,import,CN,CHINA,จีน,2420.0,4032991.2707,139292259.0,21526922.7305,737984142.0
2023,5,import,US,U.S.A.,สหรัฐอเมริกา,3.0,974254.7382,33649005.0,979104.5009,33815147.0
2023,5,import,CH,SWITZERLAND,สวิตเซอร์แลนด์,2.0,33233.0579,1147810.0,113074.0157,3905173.0
2023,5,import,AU,AUSTRALIA,ออสเตรเลีย,2.0,12570.1108,434149.0,12570.1108,434149.0
2023,5,import,DE,GERMANY,เยอรมนี,1.0,1117.024,38580.0,2022.9538,69844.0
2023,5,import,SG,SINGAPORE,สิงคโปร์,2.0,757.7407,26171.0,757.7407,26171.0
2023,5,import,HK,HONG KONG,ฮ่องกง,1.0,94.3882,3260.0,1264.8531,43904.0
2023,5,import,MX,MEXICO,เม็กซิโก,0.0,0.0,0.0,215.867,7555.0
2023,5,import,MY,MALAYSIA,มาเลเซีย,0.0,0.0,0.0,6145.5289,203461.0
2023,5,import,NO,NORWAY,นอร์เวย์,0.0,0.0,0.0,8248.9771,288701.0
2023,6,import,CN,CHINA,จีน,2900.0,6674894.9959,231006101.0,28201817.7264,968990243.0
2023,6,import,KR,S. KOREA,เกาหลีใต้,2.0,55624.7363,1925072.0,55624.7363,1925072.0
2023,6,import,US,U.S.A.,สหรัฐอเมริกา,1.0,587.5486,20334.0,979692.0495,33835481.0
2023,6,import,TH,THAILAND,ไทย,0.0,0.0,0.0,5501.5038,188126.0
2023,6,import,IL,ISRAEL,อิสราเอล,0.0,0.0,0.0,515119.6149,17708267.0
2023,6,import,NO,NORWAY,นอร์เวย์,0.0,0.0,0.0,8248.9771,288701.0
2023,6,import,CA,CANADA,แคนาดา,0.0,0.0,0.0,12549.5165,439213.0
2023,6,import,HK,HONG KONG,ฮ่องกง,0.0,0.0,0.0,1264.8531,43904.0
2023,6,import,AU,AUSTRALIA,ออสเตรเลีย,0.0,0.0,0.0,12570.1108,434149.0
2023,6,import,MX,MEXICO,เม็กซิโก,0.0,0.0,0.0,215.867,7555.0
2023,7,import,CN,CHINA,จีน,2485.0,3675316.6198,128424016.0,31877134.3462,1097414259.0
2023,7,import,KR,S. KOREA,เกาหลีใต้,558.0,39997.4529,1397603.0,95622.1892,3322675.0
2023,7,import,DE,GERMANY,เยอรมนี,2.0,11899.2168,415786.0,13922.1706,485630.0
2023,7,import,US,U.S.A.,สหรัฐอเมริกา,2.0,719.9869,25158.0,980412.0364,33860639.0
2023,7,import,AU,AUSTRALIA,ออสเตรเลีย,1.0,624.0001,21804.0,13194.1109,455953.0
2023,7,import,JP,JAPAN,ญี่ปุ่น,1.0,362.054,12651.0,362.054,12651.0
2023,7,import,CH,SWITZERLAND,สวิตเซอร์แลนด์,2.0,337.2989,11786.0,113411.3146,3916959.0
2023,7,import,SG,SINGAPORE,สิงคโปร์,1.0,90.7496,3171.0,848.4903,29342.0
2023,7,import,HK,HONG KONG,ฮ่องกง,0.0,0.0,0.0,1264.8531,43904.0
2023,7,import,IL,ISRAEL,อิสราเอล,0.0,0.0,0.0,515119.6149,17708267.0
2023,8,import,CN,CHINA,จีน,3573.0,6864974.4724,236051461.0,38742108.8186,1333465720.0
2023,8,import,JP,JAPAN,ญี่ปุ่น,1.0,57947.413,1992516.0,58309.467,2005167.0
2023,8,import,US,U.S.A.,สหรัฐอเมริกา,1.0,366.4108,12599.0,980778.4472,33873238.0
2023,8,import,CA,CANADA,แคนาดา,0.0,0.0,0.0,12549.5165,439213.0
2023,8,import,KR,S. KOREA,เกาหลีใต้,0.0,0.0,0.0,95622.1892,3322675.0
2023,8,import,CH,SWITZERLAND,สวิตเซอร์แลนด์,0.0,0.0,0.0,113411.3146,3916959.0
2023,8,import,DE,GERMANY,เยอรมนี,0.0,0.0,0.0,13922.1706,485630.0
2023,8,import,HK,HONG KONG,ฮ่องกง,0.0,0.0,0.0,1264.8531,43904.0
2023,8,import,IL,ISRAEL,อิสราเอล,0.0,0.0,0.0,515119.6149,17708267.0
2023,8,import,MX,MEXICO,เม็กซิโก,0.0,0.0,0.0,215.867,7555.0
2023,9,import,CN,CHINA,จีน,5392.0,9747139.5296,344020416.0,48489248.3482,1677486136.0
2023,9,import,CA,CANADA,แคนาดา,1.0,7677.2585,270965.0,20226.775,710178.0
2023,9,import,US,U.S.A.,สหรัฐอเมริกา,1.0,520.4777,18370.0,981298.9249,33891608.0
2023,9,import,SG,SINGAPORE,สิงคโปร์,1.0,396.6624,14000.0,1245.1527,43342.0
2023,9,import,HK,HONG KONG,ฮ่องกง,2.0,231.5658,8173.0,1496.4189,52077.0
2023,9,import,JP,JAPAN,ญี่ปุ่น,0.0,0.0,0.0,58309.467,2005167.0
2023,9,import,KR,S. KOREA,เกาหลีใต้,0.0,0.0,0.0,95622.1892,3322675.0
2023,9,import,CH,SWITZERLAND,สวิตเซอร์แลนด์,0.0,0.0,0.0,113411.3146,3916959.0
2023,9,import,MX,MEXICO,เม็กซิโก,0.0,0.0,0.0,215.867,7555.0
2023,9,import,IL,ISRAEL,อิสราเอล,0.0,0.0,0.0,515119.6149,17708267.0
2023,10,import,CN,CHINA,จีน,5905.0,11921383.5915,430304725.0,60410631.9397,2107790861.0
2023,10,import,JP,JAPAN,ญี่ปุ่น,1.0,53662.2044,1936948.0,111971.6714,3942115.0
2023,10,import,SG,SINGAPORE,สิงคโปร์,1.0,31437.6981,1134750.0,32682.8508,1178092.0
2023,10,import,VN,VIETNAM,เวียดนาม,6.0,14717.5801,531234.0,14717.5801,531234.0
2023,10,import,TH,THAILAND,ไทย,3.0,13560.0025,489451.0,19061.5063,677577.0
2023,10,import,US,U.S.A.,สหรัฐอเมริกา,3.0,9299.6298,335672.0,990598.5547,34227280.0
2023,10,import,TR,TURKIYE,ตุรกี,3.0,5478.1245,197734.0,5478.1245,197734.0
2023,10,import,ZA,SOUTH AFRICA,แอฟริกาใต้,1.0,1999.9889,72190.0,1999.9889,72190.0
2023,10,import,GB,UNITED KINGDOM,สหราชอาณาจักร,1.0,782.1816,28233.0,782.1816,28233.0
2023,10,import,HK,HONG KONG,ฮ่องกง,1.0,424.4332,15320.0,1920.8521,67397.0
2023,11,import,CN,CHINA,จีน,3874.0,7798714.5541,284738867.0,68209346.4938,2392529728.0
2023,11,import,SG,SINGAPORE,สิงคโปร์,1.0,63068.3082,2302687.0,95751.159,3480779.0
2023,11,import,GR,GREECE,กรีซ,2.0,43597.1899,1591777.0,43597.1899,1591777.0
2023,11,import,TH,THAILAND,ไทย,2.0,1394.5112,50915.0,20456.0175,728492.0
2023,11,import,US,U.S.A.,สหรัฐอเมริกา,1.0,1077.8943,39355.0,991676.449,34266635.0
2023,11,import,IL,ISRAEL,อิสราเอล,0.0,0.0,0.0,515119.6149,17708267.0
2023,11,import,DE,GERMANY,เยอรมนี,0.0,0.0,0.0,13922.1706,485630.0
2023,11,import,CH,SWITZERLAND,สวิตเซอร์แลนด์,0.0,0.0,0.0,113411.3146,3916959.0
2023,11,import,JP,JAPAN,ญี่ปุ่น,0.0,0.0,0.0,111971.6714,3942115.0
2023,11,import,GB,UNITED KINGDOM,สหราชอาณาจักร,0.0,0.0,0.0,782.1816,28233.0
2023,12,import,CN,CHINA,จีน,3596.0,3095067.0283,109343766.0,71304413.5221,2501873494.0
2023,12,import,JP,JAPAN,ญี่ปุ่น,1.0,52890.8753,1868550.0,164862.5467,5810665.0
2023,12,import,US,U.S.A.,สหรัฐอเมริกา,4.0,17748.9215,627041.0,1009425.3705,34893676.0
2023,12,import,KR,S. KOREA,เกาหลีใต้,100.0,16510.7392,583298.0,112132.9284,3905973.0
2023,12,import,NL,NETHERLANDS,เนเธอร์แลนด์,1.0,893.1624,31554.0,893.1624,31554.0
2023,12,import,DK,DENMARK,เดนมาร์ก,1.0,7.3312,259.0,7.3312,259.0
2023,12,import,DE,GERMANY,เยอรมนี,0.0,0.0,0.0,13922.1706,485630.0
2023,12,import,IL,ISRAEL,อิสราเอล,0.0,0.0,0.0,515119.6149,17708267.0
2023,12,import,CH,SWITZERLAND,สวิตเซอร์แลนด์,0.0,0.0,0.0,113411.3146,3916959.0
2023,12,import,GB,UNITED KINGDOM,สหราชอาณาจักร,0.0,0.0,0.0,782.1816,28233.0
2024,1,import,CN,CHINA,จีน,3183.0,3470480.1785,121660112.0,3470480.1785,121660112.0
2024,1,import,SG,SINGAPORE,สิงคโปร์,1.0,24674.1329,864969.0,24674.1329,864969.0
2024,1,import,CH,SWITZERLAND,สวิตเซอร์แลนด์,1.0,14103.6978,494415.0,14103.6978,494415.0
2024,1,import,US,U.S.A.,สหรัฐอเมริกา,3.0,1273.8585,44656.0,1273.8585,44656.0
2024,1,import,MY,MALAYSIA,มาเลเซีย,1.0,67.4641,2365.0,67.4641,2365.0
2024,2,import,CN,CHINA,จีน,4742.0,4531483.9416,162131964.0,8001964.1201,283792076.0
2024,2,import,MY,MALAYSIA,มาเลเซีย,6.0,20463.8475,732176.0,20531.3116,734541.0
2024,2,import,KR,S. KOREA,เกาหลีใต้,1.0,6799.9944,243297.0,6799.9944,243297.0
2024,2,import,LV,LATVIA,ลัตเวีย,1.0,995.1648,35606.0,995.1648,35606.0
2024,2,import,JP,JAPAN,ญี่ปุ่น,1.0,147.349,5272.0,147.349,5272.0
2024,2,import,US,U.S.A.,สหรัฐอเมริกา,0.0,0.0,0.0,1273.8585,44656.0
2024,2,import,SG,SINGAPORE,สิงคโปร์,0.0,0.0,0.0,24674.1329,864969.0
2024,2,import,CH,SWITZERLAND,สวิตเซอร์แลนด์,0.0,0.0,0.0,14103.6978,494415.0
2024,3,import,CN,CHINA,จีน,7798.0,7862714.3303,284373148.0,15864678.4504,568165224.0
2024,3,import,SG,SINGAPORE,สิงคโปร์,1.0,82719.0031,2991723.0,107393.136,3856692.0
2024,3,import,US,U.S.A.,สหรัฐอเมริกา,4.0,2549.5406,92210.0,3823.3991,136866.0
2024,3,import,NL,NETHERLANDS,เนเธอร์แลนด์,1.0,1316.4931,47614.0,1316.4931,47614.0
2024,3,import,LV,LATVIA,ลัตเวีย,0.0,0.0,0.0,995.1648,35606.0
2024,3,import,KR,S. KOREA,เกาหลีใต้,0.0,0.0,0.0,6799.9944,243297.0
2024,3,import,CH,SWITZERLAND,สวิตเซอร์แลนด์,0.0,0.0,0.0,14103.6978,494415.0
2024,3,import,JP,JAPAN,ญี่ปุ่น,0.0,0.0,0.0,147.349,5272.0
2024,3,import,MY,MALAYSIA,มาเลเซีย,0.0,0.0,0.0,20531.3116,734541.0
2024,4,import,CN,CHINA,จีน,6296.0,7583610.4691,274855069.0,23448288.9195,843020293.0
2024,4,import,TH,THAILAND,ไทย,462.0,614211.4543,22261050.0,614211.4543,22261050.0
2024,4,import,US,U.S.A.,สหรัฐอเมริกา,2.0,1411.5989,51161.0,5234.998,188027.0
2024,4,import,LV,LATVIA,ลัตเวีย,0.0,0.0,0.0,995.1648,35606.0
2024,4,import,KR,S. KOREA,เกาหลีใต้,0.0,0.0,0.0,6799.9944,243297.0
2024,4,import,MY,MALAYSIA,มาเลเซีย,0.0,0.0,0.0,20531.3116,734541.0
2024,4,import,CH,SWITZERLAND,สวิตเซอร์แลนด์,0.0,0.0,0.0,14103.6978,494415.0
2024,4,import,NL,NETHERLANDS,เนเธอร์แลนด์,0.0,0.0,0.0,1316.4931,47614.0
2024,4,import,SG,SINGAPORE,สิงคโปร์,0.0,0.0,0.0,107393.136,3856692.0
2024,4,import,JP,JAPAN,ญี่ปุ่น,0.0,0.0,0.0,147.349,5272.0
2024,5,import,CN,CHINA,จีน,9303.0,8058140.9321,298517860.0,31506429.8516,1141538153.0
2024,5,import,DE,GERMANY,เยอรมนี,1.0,14328.4609,530805.0,14328.4609,530805.0
2024,5,import,US,U.S.A.,สหรัฐอเมริกา,3.0,1302.8573,48265.0,6537.8553,236292.0
2024,5,import,TH,THAILAND,ไทย,0.0,0.0,0.0,614211.4543,22261050.0
2024,5,import,KR,S. KOREA,เกาหลีใต้,0.0,0.0,0.0,6799.9944,243297.0
2024,5,import,LV,LATVIA,ลัตเวีย,0.0,0.0,0.0,995.1648,35606.0
2024,5,import,CH,SWITZERLAND,สวิตเซอร์แลนด์,0.0,0.0,0.0,14103.6978,494415.0
2024,5,import,JP,JAPAN,ญี่ปุ่น,0.0,0.0,0.0,147.349,5272.0
2024,5,import,MY,MALAYSIA,มาเลเซีย,0.0,0.0,0.0,20531.3116,734541.0
2024,5,import,SG,SINGAPORE,สิงคโปร์,0.0,0.0,0.0,107393.136,3856692.0
2024,6,import,CN,CHINA,จีน,4697.0,6865298.4135,250063689.0,38371728.2651,1391601842.0
2024,6,import,KR,S. KOREA,เกาหลีใต้,60.0,13554.8521,493726.0,20354.8465,737023.0
2024,6,import,AT,AUSTRIA,ออสเตรีย,1.0,5450.949,198547.0,5450.949,198547.0
2024,6,import,US,U.S.A.,สหรัฐอเมริกา,11.0,1467.7564,53462.0,8005.6117,289754.0
2024,6,import,NL,NETHERLANDS,เนเธอร์แลนด์,1.0,888.3081,32356.0,2204.8012,79970.0
2024,6,import,HK,HONG KONG,ฮ่องกง,3.0,758.6144,27632.0,758.6144,27632.0
2024,6,import,JP,JAPAN,ญี่ปุ่น,1.0,583.9508,21270.0,731.2998,26542.0
2024,6,import,MY,MALAYSIA,มาเลเซีย,0.0,0.0,0.0,20531.3116,734541.0
2024,6,import,SG,SINGAPORE,สิงคโปร์,0.0,0.0,0.0,107393.136,3856692.0
2024,6,import,DE,GERMANY,เยอรมนี,0.0,0.0,0.0,14328.4609,530805.0
2024,7,import,CN,CHINA,จีน,4571.0,6137068.0763,226455971.0,44508796.3414,1618057813.0
2024,7,import,CH,SWITZERLAND,สวิตเซอร์แลนด์,1.0,38379.0654,1416176.0,52482.7632,1910591.0
2024,7,import,KR,S. KOREA,เกาหลีใต้,50.0,11118.5999,410273.0,31473.4464,1147296.0
2024,7,import,JP,JAPAN,ญี่ปุ่น,1.0,1600.284,59050.0,2331.5838,85592.0
2024,7,import,US,U.S.A.,สหรัฐอเมริกา,1.0,455.2612,16799.0,8460.8729,306553.0
2024,7,import,DE,GERMANY,เยอรมนี,0.0,0.0,0.0,14328.4609,530805.0
2024,7,import,LV,LATVIA,ลัตเวีย,0.0,0.0,0.0,995.1648,35606.0
2024,7,import,MY,MALAYSIA,มาเลเซีย,0.0,0.0,0.0,20531.3116,734541.0
2024,7,import,HK,HONG KONG,ฮ่องกง,0.0,0.0,0.0,758.6144,27632.0
2024,7,import,NL,NETHERLANDS,เนเธอร์แลนด์,0.0,0.0,0.0,2204.8012,79970.0
2024,8,import,CN,CHINA,จีน,8973.0,7415660.2332,269250758.0,51924456.5746,1887308571.0
2024,8,import,VN,VIETNAM,เวียดนาม,10.0,55100.0044,2000593.0,55100.0044,2000593.0
2024,8,import,HK,HONG KONG,ฮ่องกง,3.0,1156.8949,42005.0,1915.5093,69637.0
2024,8,import,US,U.S.A.,สหรัฐอเมริกา,2.0,362.7259,13170.0,8823.5988,319723.0
2024,8,import,DE,GERMANY,เยอรมนี,0.0,0.0,0.0,14328.4609,530805.0
2024,8,import,LV,LATVIA,ลัตเวีย,0.0,0.0,0.0,995.1648,35606.0
2024,8,import,JP,JAPAN,ญี่ปุ่น,0.0,0.0,0.0,2331.5838,85592.0
2024,8,import,MY,MALAYSIA,มาเลเซีย,0.0,0.0,0.0,20531.3116,734541.0
2024,8,import,NL,NETHERLANDS,เนเธอร์แลนด์,0.0,0.0,0.0,2204.8012,79970.0
2024,8,import,KR,S. KOREA,เกาหลีใต้,0.0,0.0,0.0,31473.4464,1147296.0
2024,9,import,CN,CHINA,จีน,3935.0,4274992.2875,148074618.0,56199448.8621,2035383189.0
2024,9,import,JP,JAPAN,ญี่ปุ่น,1.0,47626.6117,1649662.0,49958.1955,1735254.0
2024,9,import,KR,S. KOREA,เกาหลีใต้,70.0,15547.7316,538533.0,47021.178,1685829.0
2024,9,import,AE,UNITED ARAB EMIRATES,สหรัฐอาหรับเอมิเรตส์,1.0,335.0425,11605.0,335.0425,11605.0
2024,9,import,AT,AUSTRIA,ออสเตรีย,0.0,0.0,0.0,5450.949,198547.0
2024,9,import,DE,GERMANY,เยอรมนี,0.0,0.0,0.0,14328.4609,530805.0
2024,9,import,CH,SWITZERLAND,สวิตเซอร์แลนด์,0.0,0.0,0.0,52482.7632,1910591.0
2024,9,import,LV,LATVIA,ลัตเวีย,0.0,0.0,0.0,995.1648,35606.0
2024,9,import,MY,MALAYSIA,มาเลเซีย,0.0,0.0,0.0,20531.3116,734541.0
2024,9,import,HK,HONG KONG,ฮ่องกง,0.0,0.0,0.0,1915.5093,69637.0
2024,10,import,CN,CHINA,จีน,8707.0,7747633.9059,258481211.0,63947082.768,2293864400.0
2024,10,import,ES,SPAIN,สเปน,1.0,39423.2464,1315262.0,39423.2464,1315262.0
2024,10,import,CH,SWITZERLAND,สวิตเซอร์แลนด์,1.0,8855.9944,295459.0,61338.7576,2206050.0
2024,10,import,GB,UNITED KINGDOM,สหราชอาณาจักร,1.0,1584.3789,52859.0,1584.3789,52859.0
2024,10,import,AE,UNITED ARAB EMIRATES,สหรัฐอาหรับเอมิเรตส์,0.0,0.0,0.0,335.0425,11605.0
2024,10,import,AT,AUSTRIA,ออสเตรีย,0.0,0.0,0.0,5450.949,198547.0
2024,10,import,HK,HONG KONG,ฮ่องกง,0.0,0.0,0.0,1915.5093,69637.0
2024,10,import,DE,GERMANY,เยอรมนี,0.0,0.0,0.0,14328.4609,530805.0
2024,10,import,JP,JAPAN,ญี่ปุ่น,0.0,0.0,0.0,49958.1955,1735254.0
2024,10,import,KR,S. KOREA,เกาหลีใต้,0.0,0.0,0.0,47021.178,1685829.0
2024,11,import,CN,CHINA,จีน,8654.0,7850457.3851,263618359.0,71797540.1531,2557482759.0
2024,11,import,US,U.S.A.,สหรัฐอเมริกา,2.0,249853.2758,8390073.0,258676.8746,8709796.0
2024,11,import,CH,SWITZERLAND,สวิตเซอร์แลนด์,3.0,126850.0,4259623.0,188188.7576,6465673.0
2024,11,import,MY,MALAYSIA,มาเลเซีย,184.0,120147.6474,4034558.0,140678.959,4769099.0
2024,11,import,VN,VIETNAM,เวียดนาม,1.0,47684.8422,1601257.0,102784.8466,3601850.0
2024,11,import,KR,S. KOREA,เกาหลีใต้,108.0,18013.5795,604896.0,65034.7575,2290725.0
2024,11,import,SG,SINGAPORE,สิงคโปร์,500.0,12406.1048,416597.0,119799.2408,4273289.0
2024,11,import,HK,HONG KONG,ฮ่องกง,1200.0,8167.3317,274259.0,10082.841,343896.0
2024,11,import,ES,SPAIN,สเปน,4.0,387.1352,13000.0,39810.3816,1328262.0
2024,11,import,ZA,SOUTH AFRICA,แอฟริกาใต้,1.0,147.3794,4949.0,147.3794,4949.0
2024,12,import,CN,CHINA,จีน,17185.0,14286236.5317,498145353.0,86083776.6848,3055628112.0
2024,12,import,SG,SINGAPORE,สิงคโปร์,2.0,462212.9462,16116857.0,582012.187,20390146.0
2024,12,import,MY,MALAYSIA,มาเลเซีย,189.0,99239.5802,3460375.0,239918.5392,8229474.0
2024,12,import,US,U.S.A.,สหรัฐอเมริกา,3.0,795.2359,27729.0,259472.1105,8737525.0
2024,12,import,HK,HONG KONG,ฮ่องกง,1.0,9.8942,345.0,10092.7352,344241.0
2024,12,import,DE,GERMANY,เยอรมนี,0.0,0.0,0.0,14328.4609,530805.0
2024,12,import,KR,S. KOREA,เกาหลีใต้,0.0,0.0,0.0,65034.7575,2290725.0
2024,12,import,CH,SWITZERLAND,สวิตเซอร์แลนด์,0.0,0.0,0.0,188188.7576,6465673.0
2024,12,import,ES,SPAIN,สเปน,0.0,0.0,0.0,39810.3816,1328262.0
2024,12,import,GB,UNITED KINGDOM,สหราชอาณาจักร,0.0,0.0,0.0,1584.3789,52859.0
2025,1,import,CN,CHINA,จีน,9715.0,12319234.9668,425553189.0,12319234.9668,425553189.0
2025,1,import,HK,HONG KONG,ฮ่องกง,103.0,21487.2423,742251.0,21487.2423,742251.0
2025,1,import,US,U.S.A.,สหรัฐอเมริกา,1.0,621.7903,21479.0,621.7903,21479.0
2025,1,import,DE,GERMANY,เยอรมนี,1.0,398.7691,13775.0,398.7691,13775.0
2025,1,import,FR,FRANCE,ฝรั่งเศส,1.0,166.7159,5759.0,166.7159,5759.0
2025,2,import,CN,CHINA,จีน,8594.0,10420810.622,357841258.0,22740045.5888,783394447.0
2025,2,import,CH,SWITZERLAND,สวิตเซอร์แลนด์,2.0,59405.6047,2039935.0,59405.6047,2039935.0
2025,2,import,TH,THAILAND,ไทย,408.0,18870.0053,647979.0,18870.0053,647979.0
2025,2,import,AU,AUSTRALIA,ออสเตรเลีย,6.0,407.3782,13989.0,407.3782,13989.0
2025,2,import,GB,UNITED KINGDOM,สหราชอาณาจักร,1.0,225.6902,7750.0,225.6902,7750.0
2025,2,import,US,U.S.A.,สหรัฐอเมริกา,2.0,127.1146,4365.0,748.9049,25844.0
2025,2,import,HK,HONG KONG,ฮ่องกง,1.0,8.9402,307.0,21496.1825,742558.0
2025,2,import,DE,GERMANY,เยอรมนี,0.0,0.0,0.0,398.7691,13775.0
2025,2,import,FR,FRANCE,ฝรั่งเศส,0.0,0.0,0.0,166.7159,5759.0
2025,3,import,CN,CHINA,จีน,7179.0,68206168.8576,2309576828.0,90946214.4464,3092971275.0
2025,3,import,US,U.S.A.,สหรัฐอเมริกา,5.0,225192.7694,7625410.0,225941.6743,7651254.0
2025,3,import,CH,SWITZERLAND,สวิตเซอร์แลนด์,2.0,37349.6014,1264721.0,96755.2061,3304656.0
2025,3,import,TH,THAILAND,ไทย,1.0,3038.1522,102877.0,21908.1575,750856.0
2025,3,import,NL,NETHERLANDS,เนเธอร์แลนด์,2.0,1679.5377,56872.0,1679.5377,56872.0
2025,3,import,AU,AUSTRALIA,ออสเตรเลีย,1.0,1181.2756,40000.0,1588.6538,53989.0
2025,3,import,HK,HONG KONG,ฮ่องกง,0.0,0.0,0.0,21496.1825,742558.0
2025,3,import,FR,FRANCE,ฝรั่งเศส,0.0,0.0,0.0,166.7159,5759.0
2025,3,import,GB,UNITED KINGDOM,สหราชอาณาจักร,0.0,0.0,0.0,225.6902,7750.0
2025,3,import,DE,GERMANY,เยอรมนี,0.0,0.0,0.0,398.7691,13775.0
2025,4,import,CN,CHINA,จีน,4154.0,4880483.0526,165342469.0,95826697.499,3258313744.0
2025,4,import,US,U.S.A.,สหรัฐอเมริกา,4.0,2509800.6098,85027778.0,2735742.2841,92679032.0
2025,4,import,TH,THAILAND,ไทย,0.0,0.0,0.0,21908.1575,750856.0
2025,4,import,HK,HONG KONG,ฮ่องกง,0.0,0.0,0.0,21496.1825,742558.0
2025,4,import,GB,UNITED KINGDOM,สหราชอาณาจักร,0.0,0.0,0.0,225.6902,7750.0
2025,4,import,FR,FRANCE,ฝรั่งเศส,0.0,0.0,0.0,166.7159,5759.0
2025,4,import,AU,AUSTRALIA,ออสเตรเลีย,0.0,0.0,0.0,1588.6538,53989.0
2025,4,import,DE,GERMANY,เยอรมนี,0.0,0.0,0.0,398.7691,13775.0
2025,4,import,CH,SWITZERLAND,สวิตเซอร์แลนด์,0.0,0.0,0.0,96755.2061,3304656.0
2025,4,import,NL,NETHERLANDS,เนเธอร์แลนด์,0.0,0.0,0.0,1679.5377,56872.0
2025,5,import,CN,CHINA,จีน,3197.0,5270351.337,176304847.0,101097048.836,3434618591.0
2025,5,import,SG,SINGAPORE,สิงคโปร์,1.0,103666.844,3467884.0,103666.844,3467884.0
2025,5,import,CA,CANADA,แคนาดา,8.0,79790.0885,2669154.0,79790.0885,2669154.0
2025,5,import,US,U.S.A.,สหรัฐอเมริกา,1.0,59536.0843,1991613.0,2795278.3684,94670645.0
2025,5,import,TH,THAILAND,ไทย,0.0,0.0,0.0,21908.1575,750856.0
2025,5,import,DE,GERMANY,เยอรมนี,0.0,0.0,0.0,398.7691,13775.0
2025,5,import,HK,HONG KONG,ฮ่องกง,0.0,0.0,0.0,21496.1825,742558.0
2025,5,import,FR,FRANCE,ฝรั่งเศส,0.0,0.0,0.0,166.7159,5759.0
2025,5,import,AU,AUSTRALIA,ออสเตรเลีย,0.0,0.0,0.0,1588.6538,53989.0
2025,5,import,GB,UNITED KINGDOM,สหราชอาณาจักร,0.0,0.0,0.0,225.6902,7750.0
2025,6,import,CN,CHINA,จีน,27671.0,18569293.1973,615794901.0,119666342.0333,4050413492.0
2025,6,import,CH,SWITZERLAND,สวิตเซอร์แลนด์,1.0,32739.3704,1085703.0,129494.5765,4390359.0
2025,6,import,HK,HONG KONG,ฮ่องกง,1.0,8300.0121,275245.0,29796.1946,1017803.0
2025,6,import,ID,INDONESIA,อินโดนีเซีย,1.0,6764.7609,224333.0,6764.7609,224333.0
2025,6,import,AU,AUSTRALIA,ออสเตรเลีย,2.0,366.3229,12148.0,1954.9767,66137.0
2025,6,import,US,U.S.A.,สหรัฐอเมริกา,0.0,0.0,0.0,2795278.3684,94670645.0
2025,6,import,GB,UNITED KINGDOM,สหราชอาณาจักร,0.0,0.0,0.0,225.6902,7750.0
2025,6,import,CA,CANADA,แคนาดา,0.0,0.0,0.0,79790.0885,2669154.0
2025,6,import,SG,SINGAPORE,สิงคโปร์,0.0,0.0,0.0,103666.844,3467884.0
2025,6,import,DE,GERMANY,เยอรมนี,0.0,0.0,0.0,398.7691,13775.0
2025,7,import,CN,CHINA,จีน,20096.0,9300619.9527,305863908.0,128966961.986,4356277400.0
2025,7,import,CH,SWITZERLAND,สวิตเซอร์แลนด์,2.0,30475.3636,1002225.0,159969.9401,5392584.0
2025,7,import,CZ,CZECH REPUBLIC,สาธารณรัฐเช็ก,1.0,14902.7257,490097.0,14902.7257,490097.0
2025,7,import,US,U.S.A.,สหรัฐอเมริกา,60.0,432.9753,14239.0,2795711.3437,94684884.0
2025,7,import,MY,MALAYSIA,มาเลเซีย,1.0,88.3648,2906.0,88.3648,2906.0
2025,7,import,GB,UNITED KINGDOM,สหราชอาณาจักร,0.0,0.0,0.0,225.6902,7750.0
2025,7,import,HK,HONG KONG,ฮ่องกง,0.0,0.0,0.0,29796.1946,1017803.0
2025,7,import,DE,GERMANY,เยอรมนี,0.0,0.0,0.0,398.7691,13775.0
2025,7,import,ID,INDONESIA,อินโดนีเซีย,0.0,0.0,0.0,6764.7609,224333.0
2025,7,import,FR,FRANCE,ฝรั่งเศส,0.0,0.0,0.0,166.7159,5759.0
2025,8,import,CN,CHINA,จีน,22230.0,21478610.7508,697212888.0,150445572.7368,5053490288.0
2025,8,import,SG,SINGAPORE,สิงคโปร์,10.0,2485900.9636,80694334.0,2589567.8076,84162218.0
2025,8,import,CH,SWITZERLAND,สวิตเซอร์แลนด์,1.0,67994.1345,2207144.0,227964.0746,7599728.0
2025,8,import,CA,CANADA,แคนาดา,0.0,0.0,0.0,79790.0885,2669154.0
2025,8,import,GB,UNITED KINGDOM,สหราชอาณาจักร,0.0,0.0,0.0,225.6902,7750.0
2025,8,import,DE,GERMANY,เยอรมนี,0.0,0.0,0.0,398.7691,13775.0
2025,8,import,HK,HONG KONG,ฮ่องกง,0.0,0.0,0.0,29796.1946,1017803.0
2025,8,import,CZ,CZECH REPUBLIC,สาธารณรัฐเช็ก,0.0,0.0,0.0,14902.7257,490097.0
2025,8,import,FR,FRANCE,ฝรั่งเศส,0.0,0.0,0.0,166.7159,5759.0
2025,8,import,ID,INDONESIA,อินโดนีเซีย,0.0,0.0,0.0,6764.7609,224333.0
2025,9,import,CN,CHINA,จีน,8046.0,19388884.6794,634483801.0,169834457.4162,5687974089.0
2025,9,import,US,U.S.A.,สหรัฐอเมริกา,2.0,560.2293,18333.0,2796271.573,94703217.0
2025,9,import,CA,CANADA,แคนาดา,0.0,0.0,0.0,79790.0885,2669154.0
2025,9,import,GB,UNITED KINGDOM,สหราชอาณาจักร,0.0,0.0,0.0,225.6902,7750.0
2025,9,import,CH,SWITZERLAND,สวิตเซอร์แลนด์,0.0,0.0,0.0,227964.0746,7599728.0
2025,9,import,HK,HONG KONG,ฮ่องกง,0.0,0.0,0.0,29796.1946,1017803.0
2025,9,import,CZ,CZECH REPUBLIC,สาธารณรัฐเช็ก,0.0,0.0,0.0,14902.7257,490097.0
2025,9,import,DE,GERMANY,เยอรมนี,0.0,0.0,0.0,398.7691,13775.0
2025,9,import,FR,FRANCE,ฝรั่งเศส,0.0,0.0,0.0,166.7159,5759.0
2025,9,import,ID,INDONESIA,อินโดนีเซีย,0.0,0.0,0.0,6764.7609,224333.0
2025,10,import,CN,CHINA,จีน,5972.0,11247193.9794,359671767.0,181081651.3956,6047645856.0
2025,10,import,US,U.S.A.,สหรัฐอเมริกา,6.0,1166.8042,37313.0,2797438.3772,94740530.0
2025,10,import,AU,AUSTRALIA,ออสเตรเลีย,1.0,312.7072,10000.0,2267.6839,76137.0
2025,10,import,HK,HONG KONG,ฮ่องกง,1.0,52.5348,1680.0,29848.7294,1019483.0
2025,10,import,CZ,CZECH REPUBLIC,สาธารณรัฐเช็ก,0.0,0.0,0.0,14902.7257,490097.0
2025,10,import,GB,UNITED KINGDOM,สหราชอาณาจักร,0.0,0.0,0.0,225.6902,7750.0
2025,10,import,CH,SWITZERLAND,สวิตเซอร์แลนด์,0.0,0.0,0.0,227964.0746,7599728.0
2025,10,import,ID,INDONESIA,อินโดนีเซีย,0.0,0.0,0.0,6764.7609,224333.0
2025,10,import,DE,GERMANY,เยอรมนี,0.0,0.0,0.0,398.7691,13775.0
2025,10,import,FR,FRANCE,ฝรั่งเศส,0.0,0.0,0.0,166.7159,5759.0
2025,11,import,CN,CHINA,จีน,9878.0,4785668.8128,157221663.0,185867320.2084,6204867519.0
2025,11,import,IL,ISRAEL,อิสราเอล,11.0,335633.8616,11026445.0,335633.8616,11026445.0
2025,11,import,CA,CANADA,แคนาดา,0.0,0.0,0.0,79790.0885,2669154.0
2025,11,import,GB,UNITED KINGDOM,สหราชอาณาจักร,0.0,0.0,0.0,225.6902,7750.0
2025,11,import,CH,SWITZERLAND,สวิตเซอร์แลนด์,0.0,0.0,0.0,227964.0746,7599728.0
2025,11,import,HK,HONG KONG,ฮ่องกง,0.0,0.0,0.0,29848.7294,1019483.0
2025,11,import,CZ,CZECH REPUBLIC,สาธารณรัฐเช็ก,0.0,0.0,0.0,14902.7257,490097.0
2025,11,import,DE,GERMANY,เยอรมนี,0.0,0.0,0.0,398.7691,13775.0
2025,11,import,FR,FRANCE,ฝรั่งเศส,0.0,0.0,0.0,166.7159,5759.0
2025,11,import,ID,INDONESIA,อินโดนีเซีย,0.0,0.0,0.0,6764.7609,224333.0
2025,12,import,CN,CHINA,จีน,10877.0,9095723.3851,296610630.0,194963043.5935,6501478149.0
2025,12,import,VN,VIETNAM,เวียดนาม,2017.0,2691779.1836,87778650.0,2691779.1836,87778650.0
2025,12,import,GB,UNITED KINGDOM,สหราชอาณาจักร,6.0,321075.8083,10470250.0,321301.4985,10478000.0
2025,12,import,CH,SWITZERLAND,สวิตเซอร์แลนด์,4.0,52786.3318,1721357.0,280750.4064,9321085.0
2025,12,import,US,U.S.A.,สหรัฐอเมริกา,4.0,908.2211,29617.0,2798346.5983,94770147.0
2025,12,import,TW,TAIWAN,ไต้หวัน,1.0,348.2378,11356.0,348.2378,11356.0
2025,12,import,IE,IRELAND,ไอร์แลนด์,2.0,286.5694,9345.0,286.5694,9345.0
2025,12,import,JP,JAPAN,ญี่ปุ่น,1.0,95.0632,3100.0,95.0632,3100.0
2025,12,import,DE,GERMANY,เยอรมนี,0.0,0.0,0.0,398.7691,13775.0
2025,12,import,FR,FRANCE,ฝรั่งเศส,0.0,0.0,0.0,166.7159,5759.0
2022,1,export,LA,LAO PDR,สปป. ลาว,3.0,3183.518,106071.0,3183.518,106071.0
2022,2,export,KH,CAMBODIA,กัมพูชา,30.0,8941.5191,293500.0,8941.5191,293500.0
2022,2,export,LA,LAO PDR,สปป. ลาว,0.0,0.0,0.0,3183.518,106071.0
2022,3,export,SG,SINGAPORE,สิงคโปร์,30.0,58999.9875,1885557.0,58999.9875,1885557.0
2022,3,export,KH,CAMBODIA,กัมพูชา,0.0,0.0,0.0,8941.5191,293500.0
2022,3,export,LA,LAO PDR,สปป. ลาว,0.0,0.0,0.0,3183.518,106071.0
2022,4,export,KH,CAMBODIA,กัมพูชา,0.0,0.0,0.0,8941.5191,293500.0
2022,4,export,LA,LAO PDR,สปป. ลาว,0.0,0.0,0.0,3183.518,106071.0
2022,4,export,SG,SINGAPORE,สิงคโปร์,0.0,0.0,0.0,58999.9875,1885557.0
2022,5,export,JP,JAPAN,ญี่ปุ่น,4.0,436.2703,14612.0,436.2703,14612.0
2022,5,export,FR,FRANCE,ฝรั่งเศส,1.0,99.991,3349.0,99.991,3349.0
2022,5,export,KH,CAMBODIA,กัมพูชา,0.0,0.0,0.0,8941.5191,293500.0
2022,5,export,LA,LAO PDR,สปป. ลาว,0.0,0.0,0.0,3183.518,106071.0
2022,5,export,SG,SINGAPORE,สิงคโปร์,0.0,0.0,0.0,58999.9875,1885557.0
2022,6,export,SG,SINGAPORE,สิงคโปร์,50.0,215249.9941,7354834.0,274249.9816,9240391.0
2022,6,export,KH,CAMBODIA,กัมพูชา,1.0,2999.9883,102506.0,11941.5074,396006.0
2022,6,export,US,U.S.A.,สหรัฐอเมริกา,1.0,253.6525,8667.0,253.6525,8667.0
2022,6,export,FR,FRANCE,ฝรั่งเศส,0.0,0.0,0.0,99.991,3349.0
2022,6,export,JP,JAPAN,ญี่ปุ่น,0.0,0.0,0.0,436.2703,14612.0
2022,6,export,LA,LAO PDR,สปป. ลาว,0.0,0.0,0.0,3183.518,106071.0
2022,7,export,SG,SINGAPORE,สิงคโปร์,60.0,243739.1691,8551540.0,517989.1507,17791931.0
2022,7,export,ID,INDONESIA,อินโดนีเซีย,1.0,3581.3515,125651.0,3581.3515,125651.0
2022,7,export,FR,FRANCE,ฝรั่งเศส,0.0,0.0,0.0,99.991,3349.0
2022,7,export,KH,CAMBODIA,กัมพูชา,0.0,0.0,0.0,11941.5074,396006.0
2022,7,export,JP,JAPAN,ญี่ปุ่น,0.0,0.0,0.0,436.2703,14612.0
2022,7,export,LA,LAO PDR,สปป. ลาว,0.0,0.0,0.0,3183.518,106071.0
2022,7,export,US,U.S.A.,สหรัฐอเมริกา,0.0,0.0,0.0,253.6525,8667.0
2022,8,export,US,U.S.A.,สหรัฐอเมริกา,1.0,69340.0055,2526729.0,69593.658,2535396.0
2022,8,export,FR,FRANCE,ฝรั่งเศส,0.0,0.0,0.0,99.991,3349.0
2022,8,export,ID,INDONESIA,อินโดนีเซีย,0.0,0.0,0.0,3581.3515,125651.0
2022,8,export,JP,JAPAN,ญี่ปุ่น,0.0,0.0,0.0,436.2703,14612.0
2022,8,export,KH,CAMBODIA,กัมพูชา,0.0,0.0,0.0,11941.5074,396006.0
2022,8,export,LA,LAO PDR,สปป. ลาว,0.0,0.0,0.0,3183.518,106071.0
2022,8,export,SG,SINGAPORE,สิงคโปร์,0.0,0.0,0.0,517989.1507,17791931.0
2022,9,export,IL,ISRAEL,อิสราเอล,3.0,34999.986,1247746.0,34999.986,1247746.0
2022,9,export,IN,INDIA,อินเดีย,2.0,17499.993,623873.0,17499.993,623873.0
2022,9,export,SG,SINGAPORE,สิงคโปร์,1.0,500.0014,17825.0,518489.1521,17809756.0
2022,9,export,FR,FRANCE,ฝรั่งเศส,0.0,0.0,0.0,99.991,3349.0
2022,9,export,ID,INDONESIA,อินโดนีเซีย,0.0,0.0,0.0,3581.3515,125651.0
2022,9,export,KH,CAMBODIA,กัมพูชา,0.0,0.0,0.0,11941.5074,396006.0
2022,9,export,US,U.S.A.,สหรัฐอเมริกา,0.0,0.0,0.0,69593.658,2535396.0
2022,9,export,JP,JAPAN,ญี่ปุ่น,0.0,0.0,0.0,436.2703,14612.0
2022,9,export,LA,LAO PDR,สปป. ลาว,0.0,0.0,0.0,3183.518,106071.0
2022,10,export,KH,CAMBODIA,กัมพูชา,15.0,145415.5305,5351626.0,157357.0379,5747632.0
2022,10,export,LA,LAO PDR,สปป. ลาว,3.0,37228.3797,1370090.0,40411.8977,1476161.0
2022,10,export,SG,SINGAPORE,สิงคโปร์,1.0,140.7792,5181.0,518629.9313,17814937.0
2022,10,export,FR,FRANCE,ฝรั่งเศส,0.0,0.0,0.0,99.991,3349.0
2022,10,export,ID,INDONESIA,อินโดนีเซีย,0.0,0.0,0.0,3581.3515,125651.0
2022,10,export,IL,ISRAEL,อิสราเอล,0.0,0.0,0.0,34999.986,1247746.0
2022,10,export,IN,INDIA,อินเดีย,0.0,0.0,0.0,17499.993,623873.0
2022,10,export,JP,JAPAN,ญี่ปุ่น,0.0,0.0,0.0,436.2703,14612.0
2022,10,export,US,U.S.A.,สหรัฐอเมริกา,0.0,0.0,0.0,69593.658,2535396.0
2022,11,export,KH,CAMBODIA,กัมพูชา,8.0,83269.6845,3158594.0,240626.7224,8906226.0
2022,11,export,LA,LAO PDR,สปป. ลาว,3.0,14375.4234,545290.0,54787.3211,2021451.0
2022,11,export,SG,SINGAPORE,สิงคโปร์,2.0,1339.6306,50815.0,519969.5619,17865752.0
2022,11,export,FR,FRANCE,ฝรั่งเศส,0.0,0.0,0.0,99.991,3349.0
2022,11,export,ID,INDONESIA,อินโดนีเซีย,0.0,0.0,0.0,3581.3515,125651.0
2022,11,export,IL,ISRAEL,อิสราเอล,0.0,0.0,0.0,34999.986,1247746.0
2022,11,export,IN,INDIA,อินเดีย,0.0,0.0,0.0,17499.993,623873.0
2022,11,export,JP,JAPAN,ญี่ปุ่น,0.0,0.0,0.0,436.2703,14612.0
2022,11,export,US,U.S.A.,สหรัฐอเมริกา,0.0,0.0,0.0,69593.658,2535396.0
2022,12,export,KH,CAMBODIA,กัมพูชา,10.0,111589.8757,3988702.0,352216.5981,12894928.0
2022,12,export,US,U.S.A.,สหรัฐอเมริกา,10.0,1678.5893,60000.0,71272.2473,2595396.0
2022,12,export,FR,FRANCE,ฝรั่งเศส,0.0,0.0,0.0,99.991,3349.0
2022,12,export,ID,INDONESIA,อินโดนีเซีย,0.0,0.0,0.0,3581.3515,125651.0
2022,12,export,IL,ISRAEL,อิสราเอล,0.0,0.0,0.0,34999.986,1247746.0
2022,12,export,IN,INDIA,อินเดีย,0.0,0.0,0.0,17499.993,623873.0
2022,12,export,JP,JAPAN,ญี่ปุ่น,0.0,0.0,0.0,436.2703,14612.0
2022,12,export,LA,LAO PDR,สปป. ลาว,0.0,0.0,0.0,54787.3211,2021451.0
2022,12,export,SG,SINGAPORE,สิงคโปร์,0.0,0.0,0.0,519969.5619,17865752.0
2023,1,export,KH,CAMBODIA,กัมพูชา,7.0,67909.0093,2347954.0,67909.0093,2347954.0
2023,1,export,KR,S. KOREA,เกาหลีใต้,1.0,10.0072,346.0,10.0072,346.0
2023,2,export,KH,CAMBODIA,กัมพูชา,12.0,54621.5378,1782268.0,122530.5471,4130222.0
2023,2,export,LA,LAO PDR,สปป. ลาว,2.0,23424.2431,764319.0,23424.2431,764319.0
2023,2,export,FR,FRANCE,ฝรั่งเศส,1.0,500.0092,16315.0,500.0092,16315.0
2023,2,export,HK,HONG KONG,ฮ่องกง,1.0,249.9893,8157.0,249.9893,8157.0
2023,2,export,KR,S. KOREA,เกาหลีใต้,0.0,0.0,0.0,10.0072,346.0
2023,3,export,KH,CAMBODIA,กัมพูชา,10.0,49430.6002,1685450.0,171961.1473,5815672.0
2023,3,export,LA,LAO PDR,สปป. ลาว,2.0,22415.8218,764319.0,45840.0649,1528638.0
2023,3,export,FR,FRANCE,ฝรั่งเศส,0.0,0.0,0.0,500.0092,16315.0
2023,3,export,HK,HONG KONG,ฮ่องกง,0.0,0.0,0.0,249.9893,8157.0
2023,3,export,KR,S. KOREA,เกาหลีใต้,0.0,0.0,0.0,10.0072,346.0
2023,4,export,RU,RUSSIAN FEDERATION,รัสเซีย,2687.0,5911399.99,200769469.0,5911399.99,200769469.0
2023,4,export,KH,CAMBODIA,กัมพูชา,12.0,62701.5792,2129540.0,234662.7265,7945212.0
2023,4,export,LA,LAO PDR,สปป. ลาว,1.0,9375.587,318424.0,55215.6519,1847062.0
2023,4,export,FR,FRANCE,ฝรั่งเศส,0.0,0.0,0.0,500.0092,16315.0
2023,4,export,HK,HONG KONG,ฮ่องกง,0.0,0.0,0.0,249.9893,8157.0
2023,4,export,KR,S. KOREA,เกาหลีใต้,0.0,0.0,0.0,10.0072,346.0
2023,5,export,RU,RUSSIAN FEDERATION,รัสเซีย,688.0,1513600.0106,51640097.0,7425000.0006,252409566.0
2023,5,export,KH,CAMBODIA,กัมพูชา,10.0,47443.035,1618633.0,282105.7615,9563845.0
2023,5,export,JP,JAPAN,ญี่ปุ่น,2.0,1999.9766,68234.0,1999.9766,68234.0
2023,5,export,IR,IRAN,อิหร่าน,1.0,183.9824,6277.0,183.9824,6277.0
2023,5,export,KR,S. KOREA,เกาหลีใต้,1.0,150.0114,5118.0,160.0186,5464.0
2023,5,export,US,U.S.A.,สหรัฐอเมริกา,1.0,1.9931,68.0,1.9931,68.0
2023,5,export,FR,FRANCE,ฝรั่งเศส,0.0,0.0,0.0,500.0092,16315.0
2023,5,export,HK,HONG KONG,ฮ่องกง,0.0,0.0,0.0,249.9893,8157.0
2023,5,export,LA,LAO PDR,สปป. ลาว,0.0,0.0,0.0,55215.6519,1847062.0
2023,6,export,RU,RUSSIAN FEDERATION,รัสเซีย,1008.0,2871792.0164,98200928.0,10296792.017,350610494.0
2023,6,export,UA,UKRAINE,ยูเครน,50.0,192500.0146,6582538.0,192500.0146,6582538.0
2023,6,export,CH,SWITZERLAND,สวิตเซอร์แลนด์,20.0,87732.1246,3000000.0,87732.1246,3000000.0
2023,6,export,KH,CAMBODIA,กัมพูชา,7.0,45690.7151,1562394.0,327796.4766,11126239.0
2023,6,export,SG,SINGAPORE,สิงคโปร์,2.0,11077.3797,378791.0,11077.3797,378791.0
2023,6,export,IR,IRAN,อิหร่าน,112.0,7561.1347,258553.0,7745.1171,264830.0
2023,6,export,MM,MYANMAR,เมียนมา,1.0,7000.0,239365.0,7000.0,239365.0
2023,6,export,LA,LAO PDR,สปป. ลาว,1.0,6832.5486,233639.0,62048.2005,2080701.0
2023,6,export,HK,HONG KONG,ฮ่องกง,0.0,0.0,0.0,249.9893,8157.0
2023,6,export,KR,S. KOREA,เกาหลีใต้,0.0,0.0,0.0,160.0186,5464.0
2023,7,export,RU,RUSSIAN FEDERATION,รัสเซีย,1045.0,3086915.0154,106568641.0,13383707.0324,457179135.0
2023,7,export,LT,LITHUANIA,ลิทัวเนีย,50.0,200441.5935,6919785.0,200441.5935,6919785.0
2023,7,export,IR,IRAN,อิหร่าน,818.0,82277.8925,2840455.0,90023.0096,3105285.0
2023,7,export,HK,HONG KONG,ฮ่องกง,20.0,79600.0023,2748007.0,79849.9916,2756164.0
2023,7,export,CZ,CZECH REPUBLIC,สาธารณรัฐเช็ก,20.0,79600.0023,2748007.0,79600.0023,2748007.0
2023,7,export,KH,CAMBODIA,กัมพูชา,5.0,41913.6974,1446974.0,369710.174,12573213.0
2023,7,export,IN,INDIA,อินเดีย,2.0,9100.0125,314157.0,9100.0125,314157.0
2023,7,export,CA,CANADA,แคนาดา,1.0,5000.0145,172614.0,5000.0145,172614.0
2023,7,export,JP,JAPAN,ญี่ปุ่น,0.0,0.0,0.0,1999.9766,68234.0
2023,7,export,KR,S. KOREA,เกาหลีใต้,0.0,0.0,0.0,160.0186,5464.0
2023,8,export,RU,RUSSIAN FEDERATION,รัสเซีย,1116.0,2777103.9774,94356551.0,16160811.0098,551535686.0
2023,8,export,LT,LITHUANIA,ลิทัวเนีย,50.0,206058.9346,7001182.0,406500.5281,13920967.0
2023,8,export,HK,HONG KONG,ฮ่องกง,20.0,89500.0088,3040906.0,169350.0004,5797070.0
2023,8,export,CZ,CZECH REPUBLIC,สาธารณรัฐเช็ก,15.0,55950.0068,1900991.0,135550.0091,4648998.0
2023,8,export,KH,CAMBODIA,กัมพูชา,1.0,9434.758,320561.0,379144.932,12893774.0
2023,8,export,LA,LAO PDR,สปป. ลาว,1.0,750.5165,25500.0,62798.717,2106201.0
2023,8,export,KR,S. KOREA,เกาหลีใต้,1.0,45.0016,1529.0,205.0202,6993.0
2023,8,export,JP,JAPAN,ญี่ปุ่น,0.0,0.0,0.0,1999.9766,68234.0
2023,8,export,IN,INDIA,อินเดีย,0.0,0.0,0.0,9100.0125,314157.0
2023,8,export,IR,IRAN,อิหร่าน,0.0,0.0,0.0,90023.0096,3105285.0
2023,9,export,RU,RUSSIAN FEDERATION,รัสเซีย,2634.0,6768299.9877,236092517.0,22929110.9975,787628203.0
2023,9,export,US,U.S.A.,สหรัฐอเมริกา,15.0,341999.9942,11929678.0,342001.9873,11929746.0
2023,9,export,LT,LITHUANIA,ลิทัวเนีย,52.0,226708.6557,7908074.0,633209.1838,21829041.0
2023,9,export,HK,HONG KONG,ฮ่องกง,30.0,139709.9945,4873378.0,309059.9949,10670448.0
2023,9,export,PL,POLAND,โปแลนด์,36.0,107519.9887,3750523.0,107519.9887,3750523.0
2023,9,export,CZ,CZECH REPUBLIC,สาธารณรัฐเช็ก,31.0,107323.0109,3743652.0,242873.02,8392650.0
2023,9,export,KH,CAMBODIA,กัมพูชา,4.0,37133.2862,1295287.0,416278.2182,14189061.0
2023,9,export,MM,MYANMAR,เมียนมา,3.0,13560.0208,473002.0,20560.0208,712367.0
2023,9,export,IN,INDIA,อินเดีย,0.0,0.0,0.0,9100.0125,314157.0
2023,9,export,IR,IRAN,อิหร่าน,0.0,0.0,0.0,90023.0096,3105285.0
2023,10,export,RU,RUSSIAN FEDERATION,รัสเซีย,4016.0,10133200.0303,361583990.0,33062311.0278,1149212193.0
2023,10,export,PL,POLAND,โปแลนด์,67.0,233499.9761,8332003.0,341019.9648,12082526.0
2023,10,export,LA,LAO PDR,สปป. ลาว,3.0,113265.7196,4041672.0,176064.4366,6147873.0
2023,10,export,US,U.S.A.,สหรัฐอเมริกา,4.0,91200.0078,3254299.0,433201.9951,15184045.0
2023,10,export,JP,JAPAN,ญี่ปุ่น,1.0,50944.845,1817870.0,52944.8216,1886104.0
2023,10,export,KH,CAMBODIA,กัมพูชา,3.0,30993.4675,1105943.0,447271.6857,15295004.0
2023,10,export,IN,INDIA,อินเดีย,3.0,24000.0168,856395.0,33100.0293,1170552.0
2023,10,export,KR,S. KOREA,เกาหลีใต้,0.0,0.0,0.0,205.0202,6993.0
2023,10,export,CZ,CZECH REPUBLIC,สาธารณรัฐเช็ก,0.0,0.0,0.0,242873.02,8392650.0
2023,10,export,IR,IRAN,อิหร่าน,0.0,0.0,0.0,90023.0096,3105285.0
2023,11,export,RU,RUSSIAN FEDERATION,รัสเซีย,1400.0,3988600.0043,143966124.0,37050911.0321,1293178317.0
2023,11,export,LT,LITHUANIA,ลิทัวเนีย,101.0,442178.011,15960150.0,1075387.1948,37789191.0
2023,11,export,LA,LAO PDR,สปป. ลาว,3.0,173208.5864,6251860.0,349273.023,12399733.0
2023,11,export,JP,JAPAN,ญี่ปุ่น,2.0,95327.1699,3440777.0,148271.9915,5326881.0
2023,11,export,PH,PHILIPPINES,ฟิลิปปินส์,25.0,82489.9984,2977427.0,82489.9984,2977427.0
2023,11,export,PL,POLAND,โปแลนด์,30.0,79500.0055,2869505.0,420519.9703,14952031.0
2023,11,export,KH,CAMBODIA,กัมพูชา,3.0,25091.3715,905658.0,472363.0572,16200662.0
2023,11,export,VN,VIETNAM,เวียดนาม,6.0,14717.6015,531223.0,14717.6015,531223.0
2023,11,export,AE,UNITED ARAB EMIRATES,สหรัฐอาหรับเอมิเรตส์,1.0,8899.857,321235.0,8899.857,321235.0
2023,11,export,TR,TURKIYE,ตุรกี,3.0,5478.1075,197729.0,5478.1075,197729.0
2023,12,export,US,U.S.A.,สหรัฐอเมริกา,34.0,345634.5672,12068695.0,778836.5623,27252740.0
2023,12,export,LT,LITHUANIA,ลิทัวเนีย,26.0,113697.7447,3970041.0,1189084.9395,41759232.0
2023,12,export,PL,POLAND,โปแลนด์,34.0,90950.0107,3175747.0,511469.981,18127778.0
2023,12,export,KH,CAMBODIA,กัมพูชา,1.0,11499.7637,401543.0,483862.8209,16602205.0
2023,12,export,KR,S. KOREA,เกาหลีใต้,1.0,3691.8737,128911.0,3896.8939,135904.0
2023,12,export,ZA,SOUTH AFRICA,แอฟริกาใต้,1.0,2000.0,69835.0,2000.0,69835.0
2023,12,export,FR,FRANCE,ฝรั่งเศส,0.0,0.0,0.0,500.0092,16315.0
2023,12,export,CH,SWITZERLAND,สวิตเซอร์แลนด์,0.0,0.0,0.0,87732.1246,3000000.0
2023,12,export,HK,HONG KONG,ฮ่องกง,0.0,0.0,0.0,309059.9949,10670448.0
2023,12,export,IN,INDIA,อินเดีย,0.0,0.0,0.0,33100.0293,1170552.0
2024,1,export,LT,LITHUANIA,ลิทัวเนีย,62.0,270108.4023,9356420.0,270108.4023,9356420.0
2024,1,export,JP,JAPAN,ญี่ปุ่น,1.0,53496.8461,1853104.0,53496.8461,1853104.0
2024,1,export,KH,CAMBODIA,กัมพูชา,3.0,49147.9381,1702460.0,49147.9381,1702460.0
2024,1,export,AT,AUSTRIA,ออสเตรีย,2.0,30496.1388,1056371.0,30496.1388,1056371.0
2024,1,export,MM,MYANMAR,เมียนมา,3.0,300.0043,10392.0,300.0043,10392.0
2024,2,export,RU,RUSSIAN FEDERATION,รัสเซีย,2080.0,2080000.0,73571056.0,2080000.0,73571056.0
2024,2,export,LT,LITHUANIA,ลิทัวเนีย,150.0,633644.8529,22412462.0,903753.2552,31768882.0
2024,2,export,US,U.S.A.,สหรัฐอเมริกา,18.0,430000.0,15209401.0,430000.0,15209401.0
2024,2,export,KH,CAMBODIA,กัมพูชา,2.0,12823.9192,453591.0,61971.8573,2156051.0
2024,2,export,AT,AUSTRIA,ออสเตรีย,0.0,0.0,0.0,30496.1388,1056371.0
2024,2,export,JP,JAPAN,ญี่ปุ่น,0.0,0.0,0.0,53496.8461,1853104.0
2024,2,export,MM,MYANMAR,เมียนมา,0.0,0.0,0.0,300.0043,10392.0
2024,3,export,RU,RUSSIAN FEDERATION,รัสเซีย,3000.0,3000000.0,107244000.0,5080000.0,180815056.0
2024,3,export,KH,CAMBODIA,กัมพูชา,464.0,573682.4438,20508000.0,635654.3011,22664051.0
2024,3,export,US,U.S.A.,สหรัฐอเมริกา,11.0,244000.0,8722512.0,674000.0,23931913.0
2024,3,export,PH,PHILIPPINES,ฟิลิปปินส์,3.0,28656.9878,1024430.0,28656.9878,1024430.0
2024,3,export,IN,INDIA,อินเดีย,5.0,1500.0,53622.0,1500.0,53622.0
2024,3,export,MM,MYANMAR,เมียนมา,1.0,279.7359,10000.0,579.7402,20392.0
2024,3,export,AT,AUSTRIA,ออสเตรีย,0.0,0.0,0.0,30496.1388,1056371.0
2024,3,export,LT,LITHUANIA,ลิทัวเนีย,0.0,0.0,0.0,903753.2552,31768882.0
2024,3,export,JP,JAPAN,ญี่ปุ่น,0.0,0.0,0.0,53496.8461,1853104.0
2024,4,export,RU,RUSSIAN FEDERATION,รัสเซีย,2300.0,2300000.0,82403710.0,7380000.0,263218766.0
2024,4,export,LT,LITHUANIA,ลิทัวเนีย,100.0,422181.6918,15125799.0,1325934.947,46894681.0
2024,4,export,US,U.S.A.,สหรัฐอเมริกา,6.0,125712.0329,4503973.0,799712.0329,28435886.0
2024,4,export,HK,HONG KONG,ฮ่องกง,2.0,86825.0543,3110742.0,86825.0543,3110742.0
2024,4,export,SG,SINGAPORE,สิงคโปร์,2.0,75503.6467,2705122.0,75503.6467,2705122.0
2024,4,export,KH,CAMBODIA,กัมพูชา,1.0,6157.247,220600.0,641811.5481,22884651.0
2024,4,export,JP,JAPAN,ญี่ปุ่น,0.0,0.0,0.0,53496.8461,1853104.0
2024,4,export,PH,PHILIPPINES,ฟิลิปปินส์,0.0,0.0,0.0,28656.9878,1024430.0
2024,4,export,IN,INDIA,อินเดีย,0.0,0.0,0.0,1500.0,53622.0
2024,4,export,MM,MYANMAR,เมียนมา,0.0,0.0,0.0,579.7402,20392.0
2024,5,export,RU,RUSSIAN FEDERATION,รัสเซีย,2882.0,2882000.0055,105545757.0,10262000.0055,368764523.0
2024,5,export,LT,LITHUANIA,ลิทัวเนีย,210.0,756692.953,27711912.0,2082627.9,74606593.0
2024,5,export,US,U.S.A.,สหรัฐอเมริกา,14.0,330400.0011,12100041.0,1130112.034,40535927.0
2024,5,export,KH,CAMBODIA,กัมพูชา,2.0,13894.0102,508832.0,655705.5583,23393483.0
2024,5,export,FR,FRANCE,ฝรั่งเศส,1.0,1589.0275,58194.0,1589.0275,58194.0
2024,5,export,IN,INDIA,อินเดีย,0.0,0.0,0.0,1500.0,53622.0
2024,5,export,MM,MYANMAR,เมียนมา,0.0,0.0,0.0,579.7402,20392.0
2024,5,export,HK,HONG KONG,ฮ่องกง,0.0,0.0,0.0,86825.0543,3110742.0
2024,5,export,PH,PHILIPPINES,ฟิลิปปินส์,0.0,0.0,0.0,28656.9878,1024430.0
2024,5,export,JP,JAPAN,ญี่ปุ่น,0.0,0.0,0.0,53496.8461,1853104.0
2024,6,export,RU,RUSSIAN FEDERATION,รัสเซีย,852.0,851999.9944,30675067.0,11113999.9999,399439590.0
2024,6,export,US,U.S.A.,สหรัฐอเมริกา,12.0,294400.0045,10599460.0,1424512.0385,51135387.0
2024,6,export,LT,LITHUANIA,ลิทัวเนีย,5.0,17172.5883,618275.0,2099800.4883,75224868.0
2024,6,export,HK,HONG KONG,ฮ่องกง,20.0,10047.9675,361763.0,96873.0218,3472505.0
2024,6,export,MY,MALAYSIA,มาเลเซีย,1.0,555.5,20000.0,555.5,20000.0
2024,6,export,IN,INDIA,อินเดีย,0.0,0.0,0.0,1500.0,53622.0
2024,6,export,MM,MYANMAR,เมียนมา,0.0,0.0,0.0,579.7402,20392.0
2024,6,export,KH,CAMBODIA,กัมพูชา,0.0,0.0,0.0,655705.5583,23393483.0
2024,6,export,JP,JAPAN,ญี่ปุ่น,0.0,0.0,0.0,53496.8461,1853104.0
2024,6,export,PH,PHILIPPINES,ฟิลิปปินส์,0.0,0.0,0.0,28656.9878,1024430.0
2024,7,export,PL,POLAND,โปแลนด์,555.0,1817249.9925,66293098.0,1817249.9925,66293098.0
2024,7,export,US,U.S.A.,สหรัฐอเมริกา,27.0,516200.017,18830925.0,1940712.0555,69966312.0
2024,7,export,LT,LITHUANIA,ลิทัวเนีย,45.0,143055.4634,5218649.0,2242855.9517,80443517.0
2024,7,export,CN,CHINA,จีน,1200.0,43350.0092,1581404.0,43350.0092,1581404.0
2024,7,export,PH,PHILIPPINES,ฟิลิปปินส์,19.0,387.9122,14151.0,29044.9,1038581.0
2024,7,export,IN,INDIA,อินเดีย,0.0,0.0,0.0,1500.0,53622.0
2024,7,export,MY,MALAYSIA,มาเลเซีย,0.0,0.0,0.0,555.5,20000.0
2024,7,export,FR,FRANCE,ฝรั่งเศส,0.0,0.0,0.0,1589.0275,58194.0
2024,7,export,JP,JAPAN,ญี่ปุ่น,0.0,0.0,0.0,53496.8461,1853104.0
2024,7,export,KH,CAMBODIA,กัมพูชา,0.0,0.0,0.0,655705.5583,23393483.0
2024,8,export,PL,POLAND,โปแลนด์,300.0,960000.0,34448544.0,2777249.9925,100741642.0
2024,8,export,US,U.S.A.,สหรัฐอเมริกา,27.0,476730.0098,17106932.0,2417442.0653,87073244.0
2024,8,export,RU,RUSSIAN FEDERATION,รัสเซีย,300.0,210000.0,7535619.0,11323999.9999,406975209.0
2024,8,export,KH,CAMBODIA,กัมพูชา,5.0,36361.7109,1304800.0,692067.2692,24698283.0
2024,8,export,LT,LITHUANIA,ลิทัวเนีย,30.0,11160.9942,400500.0,2254016.9459,80844017.0
2024,8,export,HK,HONG KONG,ฮ่องกง,17.0,10589.8188,380004.0,107462.8406,3852509.0
2024,8,export,LA,LAO PDR,สปป. ลาว,1.0,6337.1038,227400.0,6337.1038,227400.0
2024,8,export,NO,NORWAY,นอร์เวย์,8.0,377.6345,13551.0,377.6345,13551.0
2024,8,export,FR,FRANCE,ฝรั่งเศส,0.0,0.0,0.0,1589.0275,58194.0
2024,8,export,JP,JAPAN,ญี่ปุ่น,0.0,0.0,0.0,53496.8461,1853104.0
2024,9,export,RU,RUSSIAN FEDERATION,รัสเซีย,700.0,490000.0,16766477.0,11813999.9999,423741686.0
2024,9,export,PL,POLAND,โปแลนด์,130.0,435499.9956,14901634.0,3212749.9881,115643276.0
2024,9,export,HK,HONG KONG,ฮ่องกง,325.0,289217.7057,9896249.0,396680.5463,13748758.0
2024,9,export,US,U.S.A.,สหรัฐอเมริกา,14.0,264663.6643,9056076.0,2682105.7296,96129320.0
2024,9,export,KH,CAMBODIA,กัมพูชา,3.0,18217.6853,623360.0,710284.9545,25321643.0
2024,9,export,LA,LAO PDR,สปป. ลาว,1.0,5446.0755,186350.0,11783.1793,413750.0
2024,9,export,DE,GERMANY,เยอรมนี,1.0,2630.2484,90000.0,2630.2484,90000.0
2024,9,export,NO,NORWAY,นอร์เวย์,8.0,384.3962,13153.0,762.0307,26704.0
2024,9,export,MV,MALDIVES,มัลดีฟส์,1.0,40.009,1369.0,40.009,1369.0
2024,9,export,JP,JAPAN,ญี่ปุ่น,0.0,0.0,0.0,53496.8461,1853104.0
2024,10,export,RU,RUSSIAN FEDERATION,รัสเซีย,1194.0,1827600.0183,60203886.0,13641600.0182,483945572.0
2024,10,export,PL,POLAND,โปแลนด์,300.0,1020000.0,33600330.0,4232749.9881,149243606.0
2024,10,export,US,U.S.A.,สหรัฐอเมริกา,13.0,343600.0182,11318700.0,3025705.7478,107448020.0
2024,10,export,HK,HONG KONG,ฮ่องกง,126.0,92584.4907,3049872.0,489265.037,16798630.0
2024,10,export,DE,GERMANY,เยอรมนี,2.0,43549.2009,1434576.0,46179.4493,1524576.0
2024,10,export,LA,LAO PDR,สปป. ลาว,1.0,18153.3931,598000.0,29936.5724,1011750.0
2024,10,export,KH,CAMBODIA,กัมพูชา,2.0,12111.1668,398960.0,722396.1213,25720603.0
2024,10,export,GB,UNITED KINGDOM,สหราชอาณาจักร,1.0,1673.9978,55144.0,1673.9978,55144.0
2024,10,export,NO,NORWAY,นอร์เวย์,8.0,388.6587,12803.0,1150.6894,39507.0
2024,10,export,IN,INDIA,อินเดีย,0.0,0.0,0.0,1500.0,53622.0
2024,11,export,RU,RUSSIAN FEDERATION,รัสเซีย,720.0,1676199.9867,55576422.0,15317800.0049,539521994.0
2024,11,export,PL,POLAND,โปแลนด์,300.0,1020000.0,33819324.0,5252749.9881,183062930.0
2024,11,export,US,U.S.A.,สหรัฐอเมริกา,12.0,165860.0201,5499288.0,3191565.7679,112947308.0
2024,11,export,JP,JAPAN,ญี่ปุ่น,1.0,72624.9992,2407969.0,126121.8453,4261073.0
2024,11,export,ID,INDONESIA,อินโดนีเซีย,1.0,60432.7396,2003720.0,60432.7396,2003720.0
2024,11,export,SG,SINGAPORE,สิงคโปร์,501.0,35057.787,1162383.0,110561.4337,3867505.0
2024,11,export,HK,HONG KONG,ฮ่องกง,25.0,10365.3917,343677.0,499630.4287,17142307.0
2024,11,export,GB,UNITED KINGDOM,สหราชอาณาจักร,0.0,0.0,0.0,1673.9978,55144.0
2024,11,export,KH,CAMBODIA,กัมพูชา,0.0,0.0,0.0,722396.1213,25720603.0
2024,11,export,DE,GERMANY,เยอรมนี,0.0,0.0,0.0,46179.4493,1524576.0
2024,12,export,RU,RUSSIAN FEDERATION,รัสเซีย,4722.0,9404299.9525,324023274.0,24722099.9574,863545268.0
2024,12,export,CN,CHINA,จีน,2050.0,517585.0099,17833288.0,560935.0191,19414692.0
2024,12,export,PL,POLAND,โปแลนด์,100.0,340000.0,11714632.0,5592749.9881,194777562.0
2024,12,export,US,U.S.A.,สหรัฐอเมริกา,3.0,90389.9892,3114369.0,3281955.7571,116061677.0
2024,12,export,DE,GERMANY,เยอรมนี,1.0,10399.4219,358310.0,56578.8712,1882886.0
2024,12,export,KR,S. KOREA,เกาหลีใต้,1.0,6800.0104,234293.0,6800.0104,234293.0
2024,12,export,GB,UNITED KINGDOM,สหราชอาณาจักร,0.0,0.0,0.0,1673.9978,55144.0
2024,12,export,KH,CAMBODIA,กัมพูชา,0.0,0.0,0.0,722396.1213,25720603.0
2024,12,export,HK,HONG KONG,ฮ่องกง,0.0,0.0,0.0,499630.4287,17142307.0
2024,12,export,ID,INDONESIA,อินโดนีเซีย,0.0,0.0,0.0,60432.7396,2003720.0
2025,1,export,RU,RUSSIAN FEDERATION,รัสเซีย,2427.0,5917958.0088,201901198.0,5917958.0088,201901198.0
2025,1,export,PL,POLAND,โปแลนด์,200.0,680000.0,23199356.0,680000.0,23199356.0
2025,1,export,US,U.S.A.,สหรัฐอเมริกา,24.0,556650.0279,18991062.0,556650.0279,18991062.0
2025,1,export,CN,CHINA,จีน,532.0,41571.4884,1418282.0,41571.4884,1418282.0
2025,1,export,DE,GERMANY,เยอรมนี,2.0,12813.2556,437146.0,12813.2556,437146.0
2025,1,export,AE,UNITED ARAB EMIRATES,สหรัฐอาหรับเอมิเรตส์,1.0,1199.9988,40940.0,1199.9988,40940.0
2025,2,export,RU,RUSSIAN FEDERATION,รัสเซีย,2718.0,4979384.9984,169015265.0,10897343.0072,370916463.0
2025,2,export,US,U.S.A.,สหรัฐอเมริกา,37.0,534650.0015,18147625.0,1091300.0294,37138687.0
2025,2,export,CH,SWITZERLAND,สวิตเซอร์แลนด์,1.0,32562.4135,1105266.0,32562.4135,1105266.0
2025,2,export,KH,CAMBODIA,กัมพูชา,408.0,18869.9879,640504.0,18869.9879,640504.0
2025,2,export,HK,HONG KONG,ฮ่องกง,29.0,7985.3282,271046.0,7985.3282,271046.0
2025,2,export,AE,UNITED ARAB EMIRATES,สหรัฐอาหรับเอมิเรตส์,0.0,0.0,0.0,1199.9988,40940.0
2025,2,export,DE,GERMANY,เยอรมนี,0.0,0.0,0.0,12813.2556,437146.0
2025,2,export,CN,CHINA,จีน,0.0,0.0,0.0,41571.4884,1418282.0
2025,2,export,PL,POLAND,โปแลนด์,0.0,0.0,0.0,680000.0,23199356.0
2025,3,export,RU,RUSSIAN FEDERATION,รัสเซีย,1935.0,61906320.9173,2070710719.0,72803663.9245,2441627182.0
2025,3,export,US,U.S.A.,สหรัฐอเมริกา,21.0,427650.0115,14304508.0,1518950.0409,51443195.0
2025,3,export,PL,POLAND,โปแลนด์,70.0,304500.0015,10185251.0,984500.0015,33384607.0
2025,3,export,DE,GERMANY,เยอรมนี,14.0,75383.7621,2521519.0,88197.0177,2958665.0
2025,3,export,IR,IRAN,อิหร่าน,145.0,11324.9983,378811.0,11324.9983,378811.0
2025,3,export,AE,UNITED ARAB EMIRATES,สหรัฐอาหรับเอมิเรตส์,0.0,0.0,0.0,1199.9988,40940.0
2025,3,export,CH,SWITZERLAND,สวิตเซอร์แลนด์,0.0,0.0,0.0,32562.4135,1105266.0
2025,3,export,CN,CHINA,จีน,0.0,0.0,0.0,41571.4884,1418282.0
2025,3,export,HK,HONG KONG,ฮ่องกง,0.0,0.0,0.0,7985.3282,271046.0
2025,3,export,KH,CAMBODIA,กัมพูชา,0.0,0.0,0.0,18869.9879,640504.0
2025,4,export,PL,POLAND,โปแลนด์,106.0,1022099.9908,34210811.0,2006599.9923,67595418.0
2025,4,export,US,U.S.A.,สหรัฐอเมริกา,47.0,651750.0172,21814790.0,2170700.0581,73257985.0
2025,4,export,RU,RUSSIAN FEDERATION,รัสเซีย,8.0,123080.0004,4119623.0,72926743.9249,2445746805.0
2025,4,export,SG,SINGAPORE,สิงคโปร์,13.0,6759.8018,226258.0,6759.8018,226258.0
2025,4,export,CH,SWITZERLAND,สวิตเซอร์แลนด์,0.0,0.0,0.0,32562.4135,1105266.0
2025,4,export,DE,GERMANY,เยอรมนี,0.0,0.0,0.0,88197.0177,2958665.0
2025,4,export,CN,CHINA,จีน,0.0,0.0,0.0,41571.4884,1418282.0
2025,4,export,HK,HONG KONG,ฮ่องกง,0.0,0.0,0.0,7985.3282,271046.0
2025,4,export,IR,IRAN,อิหร่าน,0.0,0.0,0.0,11324.9983,378811.0
2025,4,export,KH,CAMBODIA,กัมพูชา,0.0,0.0,0.0,18869.9879,640504.0
2025,5,export,RU,RUSSIAN FEDERATION,รัสเซีย,383.0,1672529.7284,55247671.0,74599273.6533,2500994476.0
2025,5,export,PL,POLAND,โปแลนด์,206.0,1172000.006,38713973.0,3178599.9983,106309391.0
2025,5,export,US,U.S.A.,สหรัฐอเมริกา,35.0,461771.9874,15253437.0,2632472.0455,88511422.0
2025,5,export,DE,GERMANY,เยอรมนี,59.0,89523.4982,2957176.0,177720.5159,5915841.0
2025,5,export,SG,SINGAPORE,สิงคโปร์,1.0,23588.7492,779193.0,30348.551,1005451.0
2025,5,export,AE,UNITED ARAB EMIRATES,สหรัฐอาหรับเอมิเรตส์,6.0,19693.9974,650540.0,20893.9962,691480.0
2025,5,export,HK,HONG KONG,ฮ่องกง,32.0,12117.1939,400260.0,20102.5221,671306.0
2025,5,export,NG,NIGERIA,ไนจีเรีย,1.0,10000.0,330324.0,10000.0,330324.0
2025,5,export,JP,JAPAN,ญี่ปุ่น,125.0,781.4449,25813.0,781.4449,25813.0
2025,5,export,IR,IRAN,อิหร่าน,0.0,0.0,0.0,11324.9983,378811.0
2025,6,export,RU,RUSSIAN FEDERATION,รัสเซีย,21646.0,13177101.3501,431664710.0,87776375.0034,2932659186.0
2025,6,export,US,U.S.A.,สหรัฐอเมริกา,73.0,1071095.0068,35087680.0,3703567.0523,123599102.0
2025,6,export,PL,POLAND,โปแลนด์,100.0,420000.0,13758654.0,3598599.9983,120068045.0
2025,6,export,AT,AUSTRIA,ออสเตรีย,2.0,335907.1026,11003880.0,335907.1026,11003880.0
2025,6,export,SG,SINGAPORE,สิงคโปร์,8.0,13902.4137,455425.0,44250.9647,1460876.0
2025,6,export,NL,NETHERLANDS,เนเธอร์แลนด์,1.0,5799.986,190000.0,5799.986,190000.0
2025,6,export,LA,LAO PDR,สปป. ลาว,1.0,1043.9975,34200.0,1043.9975,34200.0
2025,6,export,CH,SWITZERLAND,สวิตเซอร์แลนด์,0.0,0.0,0.0,32562.4135,1105266.0
2025,6,export,HK,HONG KONG,ฮ่องกง,0.0,0.0,0.0,20102.5221,671306.0
2025,6,export,IR,IRAN,อิหร่าน,0.0,0.0,0.0,11324.9983,378811.0
2025,7,export,RU,RUSSIAN FEDERATION,รัสเซีย,17334.0,4509101.6704,146461935.0,92285476.6738,3079121121.0
2025,7,export,US,U.S.A.,สหรัฐอเมริกา,48.0,632425.9423,20542080.0,4335992.9946,144141182.0
2025,7,export,PL,POLAND,โปแลนด์,110.0,484000.0123,15720998.0,4082600.0106,135789043.0
2025,7,export,DE,GERMANY,เยอรมนี,16.0,83820.7405,2722615.0,261541.2564,8638456.0
2025,7,export,CH,SWITZERLAND,สวิตเซอร์แลนด์,1.0,28190.7184,915674.0,60753.1319,2020940.0
2025,7,export,SG,SINGAPORE,สิงคโปร์,15.0,27678.7331,899044.0,71929.6978,2359920.0
2025,7,export,CA,CANADA,แคนาดา,1.0,24427.0259,793424.0,24427.0259,793424.0
2025,7,export,LA,LAO PDR,สปป. ลาว,1.0,2820.6912,91620.0,3864.6887,125820.0
2025,7,export,KH,CAMBODIA,กัมพูชา,0.0,0.0,0.0,18869.9879,640504.0
2025,7,export,HK,HONG KONG,ฮ่องกง,0.0,0.0,0.0,20102.5221,671306.0
2025,8,export,RU,RUSSIAN FEDERATION,รัสเซีย,6206.0,14489351.8368,464302586.0,106774828.5106,3543423707.0
2025,8,export,PL,POLAND,โปแลนด์,278.0,1106199.9913,35447515.0,5188800.0019,171236558.0
2025,8,export,US,U.S.A.,สหรัฐอเมริกา,383.0,657887.9617,21081625.0,4993880.9563,165222807.0
2025,8,export,ID,INDONESIA,อินโดนีเซีย,1.0,21500.0125,688955.0,21500.0125,688955.0
2025,8,export,NG,NIGERIA,ไนจีเรีย,1.0,10000.0,320444.0,20000.0,650768.0
2025,8,export,SG,SINGAPORE,สิงคโปร์,14.0,1337.5192,42860.0,73267.217,2402780.0
2025,8,export,HK,HONG KONG,ฮ่องกง,1.0,99.9863,3204.0,20202.5084,674510.0
2025,8,export,JP,JAPAN,ญี่ปุ่น,0.0,0.0,0.0,781.4449,25813.0
2025,8,export,CA,CANADA,แคนาดา,0.0,0.0,0.0,24427.0259,793424.0
2025,8,export,DE,GERMANY,เยอรมนี,0.0,0.0,0.0,261541.2564,8638456.0
2025,9,export,RU,RUSSIAN FEDERATION,รัสเซีย,3364.0,10283351.7753,332335306.0,117058180.2859,3875759013.0
2025,9,export,PL,POLAND,โปแลนด์,254.0,1021299.0055,33006137.0,6210099.0074,204242695.0
2025,9,export,US,U.S.A.,สหรัฐอเมริกา,83.0,788588.3012,25485439.0,5782469.2575,190708246.0
2025,9,export,DE,GERMANY,เยอรมนี,18.0,128987.7715,4168601.0,390529.0279,12807057.0
2025,9,export,HK,HONG KONG,ฮ่องกง,586.0,46055.734,1488420.0,66258.2424,2162930.0
2025,9,export,GR,GREECE,กรีซ,1.0,30942.7003,1000000.0,30942.7003,1000000.0
2025,9,export,SG,SINGAPORE,สิงคโปร์,8.0,9600.0037,310251.0,82867.2207,2713031.0
2025,9,export,CN,CHINA,จีน,0.0,0.0,0.0,41571.4884,1418282.0
2025,9,export,IR,IRAN,อิหร่าน,0.0,0.0,0.0,11324.9983,378811.0
2025,9,export,CA,CANADA,แคนาดา,0.0,0.0,0.0,24427.0259,793424.0
2025,10,export,RU,RUSSIAN FEDERATION,รัสเซีย,3506.0,7394126.6171,233426662.0,124452306.903,4109185675.0
2025,10,export,PL,POLAND,โปแลนด์,488.0,1903200.0178,60082502.0,8113299.0252,264325197.0
2025,10,export,US,U.S.A.,สหรัฐอเมริกา,84.0,984857.1393,31091152.0,6767326.3968,221799398.0
2025,10,export,DE,GERMANY,เยอรมนี,24.0,105461.2724,3329328.0,495990.3003,16136385.0
2025,10,export,MM,MYANMAR,เมียนมา,3.0,13499.9937,426184.0,13499.9937,426184.0
2025,10,export,ID,INDONESIA,อินโดนีเซีย,0.0,0.0,0.0,21500.0125,688955.0
2025,10,export,CN,CHINA,จีน,0.0,0.0,0.0,41571.4884,1418282.0
2025,10,export,CA,CANADA,แคนาดา,0.0,0.0,0.0,24427.0259,793424.0
2025,10,export,IR,IRAN,อิหร่าน,0.0,0.0,0.0,11324.9983,378811.0
2025,10,export,GR,GREECE,กรีซ,0.0,0.0,0.0,30942.7003,1000000.0
2025,11,export,US,U.S.A.,สหรัฐอเมริกา,79.0,990453.5196,32125558.0,7757779.9164,253924956.0
2025,11,export,AE,UNITED ARAB EMIRATES,สหรัฐอาหรับเอมิเรตส์,8.0,237500.0,7703360.0,258393.9962,8394840.0
2025,11,export,PL,POLAND,โปแลนด์,862.0,217800.0136,7064387.0,8331099.0388,271389584.0
2025,11,export,RU,RUSSIAN FEDERATION,รัสเซีย,6357.0,122483.0123,3972761.0,124574789.9153,4113158436.0
2025,11,export,MT,MALTA,มอลตา,1.0,26932.7767,873570.0,26932.7767,873570.0
2025,11,export,MX,MEXICO,เม็กซิโก,1.0,15544.9943,504205.0,15544.9943,504205.0
2025,11,export,HK,HONG KONG,ฮ่องกง,30.0,9000.0062,291917.0,75258.2486,2454847.0
2025,11,export,ID,INDONESIA,อินโดนีเซีย,1.0,6999.9877,227046.0,28500.0002,916001.0
2025,11,export,DE,GERMANY,เยอรมนี,31.0,2930.7357,95059.0,498921.036,16231444.0
2025,11,export,CI,IVORY COAST,โกตดิวัวร์,3.0,1470.6245,47700.0,1470.6245,47700.0
2025,12,export,RU,RUSSIAN FEDERATION,รัสเซีย,8543.0,7513638.9673,241888082.0,132088428.8826,4355046518.0
2025,12,export,US,U.S.A.,สหรัฐอเมริกา,131.0,882660.0337,28415651.0,8640439.9501,282340607.0
2025,12,export,IL,ISRAEL,อิสราเอล,11.0,344679.9945,11096352.0,344679.9945,11096352.0
2025,12,export,PL,POLAND,โปแลนด์,800.0,258499.9938,8321942.0,8589599.0326,279711526.0
2025,12,export,DE,GERMANY,เยอรมนี,16.0,84267.0813,2712827.0,583188.1173,18944271.0
2025,12,export,CN,CHINA,จีน,1468.0,59784.9546,1924669.0,101356.443,3342951.0
2025,12,export,SG,SINGAPORE,สิงคโปร์,17.0,14739.5412,474513.0,97606.7619,3187544.0
2025,12,export,LA,LAO PDR,สปป. ลาว,1.0,6080.2281,195742.0,9944.9168,321562.0
2025,12,export,ID,INDONESIA,อินโดนีเซีย,0.0,0.0,0.0,28500.0002,916001.0
2025,12,export,CA,CANADA,แคนาดา,0.0,0.0,0.0,24427.0259,793424.0
